Open;High;Low;Close;Volume;Time
1.0099999904632568;1.0099999904632568;1.0;1.0;0;2020-09-22 09:30:00-04:00
1.0;1.0;0.9955000281333924;1.0;6825;2020-09-22 10:30:00-04:00
1.0;1.0;0.8700000047683716;0.8700000047683716;10752;2020-09-22 11:30:00-04:00
0.699999988079071;0.7400000095367432;0.699999988079071;0.7200000286102295;13195;2020-09-22 12:30:00-04:00
0.699999988079071;0.699999988079071;0.6399999856948853;0.6399999856948853;1400;2020-09-22 13:30:00-04:00
0.6499999761581421;0.6499999761581421;0.6000000238418579;0.6499999761581421;4694;2020-09-22 14:30:00-04:00
0.6499999761581421;0.6499999761581421;0.6499999761581421;0.6499999761581421;0;2020-09-22 15:30:00-04:00
0.75;0.7501000165939331;0.75;0.75;4132;2020-09-23 09:30:00-04:00
0.7599999904632568;0.800000011920929;0.75;0.75;5260;2020-09-23 10:30:00-04:00
0.800000011920929;0.800000011920929;0.75;0.75;13900;2020-09-23 11:30:00-04:00
0.75;0.75;0.75;0.75;670;2020-09-23 12:30:00-04:00
0.7200000286102295;0.75;0.7200000286102295;0.75;1450;2020-09-23 13:30:00-04:00
0.746399998664856;0.746399998664856;0.6600000262260437;0.660099983215332;2867;2020-09-23 14:30:00-04:00
0.7300000190734863;0.7400000095367432;0.7300000190734863;0.7400000095367432;1000;2020-09-23 15:30:00-04:00
0.699999988079071;0.699999988079071;0.699999988079071;0.699999988079071;0;2020-09-24 10:30:00-04:00
0.7349990010261536;0.7349990010261536;0.699999988079071;0.7034000158309937;1445;2020-09-24 12:30:00-04:00
0.6399999856948853;0.6600000262260437;0.5473999977111816;0.5473999977111816;8250;2020-09-24 13:30:00-04:00
0.7200000286102295;0.7300000190734863;0.7199000120162964;0.7300000190734863;3300;2020-09-24 14:30:00-04:00
0.6899999976158142;0.699999988079071;0.6869999766349792;0.699999988079071;400;2020-09-24 15:30:00-04:00
0.6600000262260437;0.699999988079071;0.6600000262260437;0.699999988079071;0;2020-09-25 09:30:00-04:00
0.699999988079071;0.699999988079071;0.699999988079071;0.699999988079071;4050;2020-09-25 13:30:00-04:00
0.7251350283622742;0.7251350283622742;0.699999988079071;0.699999988079071;1600;2020-09-25 14:30:00-04:00
0.699999988079071;0.699999988079071;0.614300012588501;0.614300012588501;4650;2020-09-28 09:30:00-04:00
0.6798999905586243;0.6800000071525574;0.6766999959945679;0.6800000071525574;800;2020-09-28 10:30:00-04:00
0.6800000071525574;0.6800000071525574;0.6211000084877014;0.6211000084877014;3400;2020-09-28 11:30:00-04:00
0.6299999952316284;0.6613010168075562;0.6299999952316284;0.6613010168075562;3846;2020-09-28 12:30:00-04:00
0.6599990129470825;0.6600000262260437;0.6599990129470825;0.6600000262260437;5500;2020-09-28 14:30:00-04:00
0.689998984336853;0.689998984336853;0.689998984336853;0.689998984336853;0;2020-09-29 09:30:00-04:00
0.7494999766349792;0.75;0.6299999952316284;0.7494999766349792;2850;2020-09-29 11:30:00-04:00
0.6299999952316284;0.6299999952316284;0.6299999952316284;0.6299999952316284;1300;2020-09-29 12:30:00-04:00
0.6200000047683716;0.6200000047683716;0.6200000047683716;0.6200000047683716;2500;2020-09-29 13:30:00-04:00
0.6200000047683716;0.6200000047683716;0.6200000047683716;0.6200000047683716;350;2020-09-29 14:30:00-04:00
0.7300000190734863;0.75;0.699999988079071;0.7099999785423279;16863;2020-09-30 09:30:00-04:00
0.75;0.75;0.6499999761581421;0.7249990105628967;3956;2020-09-30 10:30:00-04:00
0.699999988079071;0.75;0.699999988079071;0.699999988079071;1980;2020-09-30 11:30:00-04:00
0.699999988079071;0.7422400116920471;0.699999988079071;0.7300000190734863;7450;2020-09-30 12:30:00-04:00
0.7400000095367432;0.75;0.6899999976158142;0.6899999976158142;42351;2020-09-30 13:30:00-04:00
0.6700000166893005;0.6899999976158142;0.6600000262260437;0.6600000262260437;23799;2020-09-30 14:30:00-04:00
0.715399980545044;0.75;0.715399980545044;0.75;0;2020-10-01 09:30:00-04:00
0.75;0.8998990058898926;0.75;0.8998990058898926;11965;2020-10-01 10:30:00-04:00
0.826000988483429;0.826000988483429;0.826000988483429;0.826000988483429;235;2020-10-01 11:30:00-04:00
0.7601000070571899;0.7638999819755554;0.7601000070571899;0.7638999819755554;0;2020-10-01 12:30:00-04:00
0.8101009726524353;0.8899999856948853;0.7699999809265137;0.7705000042915344;5495;2020-10-02 09:30:00-04:00
0.7705000042915344;0.7705000042915344;0.7151510119438171;0.7400000095367432;124556;2020-10-02 10:30:00-04:00
0.7994999885559082;0.8999999761581421;0.7994999885559082;0.8999999761581421;40975;2020-10-02 11:30:00-04:00
0.8999999761581421;0.8999999761581421;0.8960000276565552;0.8999000191688538;16958;2020-10-02 12:30:00-04:00
0.9200000166893004;0.9200000166893004;0.8397759795188904;0.8397759795188904;12652;2020-10-02 13:30:00-04:00
0.8799999952316284;0.8799999952316284;0.800000011920929;0.8500000238418579;16613;2020-10-02 14:30:00-04:00
0.8001009821891785;0.875;0.800000011920929;0.800000011920929;0;2020-10-05 09:30:00-04:00
0.800000011920929;0.800000011920929;0.800000011920929;0.800000011920929;153;2020-10-05 10:30:00-04:00
0.800000011920929;0.800000011920929;0.800000011920929;0.800000011920929;200;2020-10-05 12:30:00-04:00
0.75;0.75;0.75;0.75;263;2020-10-05 13:30:00-04:00
0.75;0.75;0.75;0.75;100;2020-10-05 15:30:00-04:00
0.75;0.75;0.75;0.75;0;2020-10-06 09:30:00-04:00
0.75;0.75;0.7400000095367432;0.7498990297317505;3398;2020-10-06 10:30:00-04:00
0.7400000095367432;0.7498999834060669;0.7400000095367432;0.7498999834060669;850;2020-10-06 11:30:00-04:00
0.7400000095367432;0.7400000095367432;0.7001000046730042;0.7099999785423279;6024;2020-10-06 12:30:00-04:00
0.699999988079071;0.699999988079071;0.699999988079071;0.699999988079071;8089;2020-10-06 13:30:00-04:00
0.699999988079071;0.7498999834060669;0.6600000262260437;0.6600000262260437;6900;2020-10-06 14:30:00-04:00
0.6703000068664551;0.6703000068664551;0.6499999761581421;0.6499999761581421;43005;2020-10-06 15:30:00-04:00
0.699999988079071;0.7400000095367432;0.6500999927520752;0.7400000095367432;0;2020-10-07 09:30:00-04:00
0.6850489974021912;0.6850489974021912;0.6850489974021912;0.6850489974021912;150;2020-10-07 12:30:00-04:00
0.6499999761581421;0.6499999761581421;0.6499999761581421;0.6499999761581421;760;2020-10-07 13:30:00-04:00
0.6401000022888184;0.7300000190734863;0.6401000022888184;0.7300000190734863;1590;2020-10-07 14:30:00-04:00
0.6949999928474426;0.6949999928474426;0.6949999928474426;0.6949999928474426;0;2020-10-08 09:30:00-04:00
0.7396000027656555;0.7396000027656555;0.6615999937057495;0.6615999937057495;1603;2020-10-08 10:30:00-04:00
0.699999988079071;0.699999988079071;0.6800000071525574;0.699999988079071;14678;2020-10-08 13:30:00-04:00
0.6703000068664551;0.6899999976158142;0.6200000047683716;0.6299999952316284;13490;2020-10-08 14:30:00-04:00
0.6299999952316284;0.6499000191688538;0.6201000213623047;0.6201000213623047;0;2020-10-08 15:30:00-04:00
0.6299999952316284;0.6600000262260437;0.6299999952316284;0.6600000262260437;1260;2020-10-09 09:30:00-04:00
0.75;0.75;0.75;0.75;4004;2020-10-09 10:30:00-04:00
0.6800000071525574;0.6800000071525574;0.6499999761581421;0.651199996471405;140390;2020-10-09 15:30:00-04:00
0.6499999761581421;0.6499999761581421;0.6399999856948853;0.6401000022888184;0;2020-10-12 09:30:00-04:00
0.6401010155677795;0.6401010155677795;0.6399999856948853;0.6399999856948853;300;2020-10-12 13:30:00-04:00
0.7400000095367432;0.7400000095367432;0.6399999856948853;0.699999988079071;2147;2020-10-13 09:30:00-04:00
0.6699000000953674;0.6699000000953674;0.6699000000953674;0.6699000000953674;615;2020-10-13 14:30:00-04:00
0.6399999856948853;0.6399999856948853;0.6399999856948853;0.6399999856948853;0;2020-10-13 15:30:00-04:00
0.6399999856948853;0.6399999856948853;0.6100000143051147;0.6100000143051147;15850;2020-10-14 09:30:00-04:00
0.611100971698761;0.611100971698761;0.611100971698761;0.611100971698761;200;2020-10-14 10:30:00-04:00
0.6499999761581421;0.6499999761581421;0.6309499740600586;0.6341999769210815;1900;2020-10-14 11:30:00-04:00
0.6370000243186951;0.6499000191688538;0.6119999885559082;0.6300510168075562;9005;2020-10-14 12:30:00-04:00
0.6200000047683716;0.6201000213623047;0.6200000047683716;0.6201000213623047;530;2020-10-14 14:30:00-04:00
0.6536999940872192;0.6890000104904175;0.6000000238418579;0.6000000238418579;28476;2020-10-15 12:30:00-04:00
0.6000000238418579;0.6100000143051147;0.6000000238418579;0.6100000143051147;0;2020-10-16 09:30:00-04:00
0.6843000054359436;0.699999988079071;0.6100000143051147;0.6113510131835938;518;2020-10-16 10:30:00-04:00
0.6150000095367432;0.6150000095367432;0.6000000238418579;0.600051999092102;11891;2020-10-16 11:30:00-04:00
0.6549000144004822;0.6850000023841858;0.6549000144004822;0.6850000023841858;3350;2020-10-16 13:30:00-04:00
0.6850000023841858;0.6922760009765625;0.6850000023841858;0.6922760009765625;2400;2020-10-16 14:30:00-04:00
0.6699000000953674;0.6699000000953674;0.6699000000953674;0.6699000000953674;1550;2020-10-16 15:30:00-04:00
0.620199978351593;0.620199978351593;0.6201009750366211;0.6201009750366211;250;2020-10-19 10:30:00-04:00
0.6599000096321106;0.6600000262260437;0.6599000096321106;0.6600000262260437;11440;2020-10-19 12:30:00-04:00
0.6499999761581421;0.6621260046958923;0.5799999833106995;0.6241999864578247;33150;2020-10-19 13:30:00-04:00
0.6102010011672974;0.6102010011672974;0.5699999928474426;0.5701000094413757;34600;2020-10-19 14:30:00-04:00
0.5799999833106995;0.5799999833106995;0.5501000285148621;0.5503000020980835;0;2020-10-20 09:30:00-04:00
0.5501000285148621;0.5501000285148621;0.4000000059604645;0.5110999941825867;36219;2020-10-20 10:30:00-04:00
0.550000011920929;0.550000011920929;0.5498999953269958;0.5498999953269958;4000;2020-10-20 11:30:00-04:00
0.550000011920929;0.6000000238418579;0.5400000214576721;0.5759999752044678;0;2020-10-20 12:30:00-04:00
0.5649999976158142;0.5649999976158142;0.5649999976158142;0.5649999976158142;1000;2020-10-21 09:30:00-04:00
0.5300999879837036;0.5300999879837036;0.5300999879837036;0.5300999879837036;1000;2020-10-21 10:30:00-04:00
0.5299999713897705;0.5302000045776367;0.5299999713897705;0.5302000045776367;11103;2020-10-21 11:30:00-04:00
0.554099977016449;0.554099977016449;0.554099977016449;0.554099977016449;400;2020-10-21 14:30:00-04:00
0.554099977016449;0.554099977016449;0.554099977016449;0.554099977016449;4350;2020-10-21 15:30:00-04:00
0.554099977016449;0.554099977016449;0.550000011920929;0.5514709949493408;0;2020-10-22 09:30:00-04:00
0.554099977016449;0.5600000023841858;0.554099977016449;0.5600000023841858;3300;2020-10-22 10:30:00-04:00
0.5600000023841858;0.5600000023841858;0.5600000023841858;0.5600000023841858;3400;2020-10-22 11:30:00-04:00
0.5598999857902527;0.5600000023841858;0.5501009821891785;0.5501009821891785;1469;2020-10-22 12:30:00-04:00
0.5600000023841858;0.5600000023841858;0.5600000023841858;0.5600000023841858;151;2020-10-22 13:30:00-04:00
0.5699999928474426;0.5699999928474426;0.5699999928474426;0.5699999928474426;1784;2020-10-22 15:30:00-04:00
0.6000000238418579;0.6151509881019592;0.5601000189781189;0.6000000238418579;0;2020-10-23 09:30:00-04:00
0.6000000238418579;0.6150000095367432;0.6000000238418579;0.6150000095367432;5500;2020-10-23 10:30:00-04:00
0.6200000047683716;0.6200000047683716;0.6200000047683716;0.6200000047683716;200;2020-10-23 11:30:00-04:00
0.6200000047683716;0.6200000047683716;0.6200000047683716;0.6200000047683716;100;2020-10-23 15:30:00-04:00
0.6200000047683716;0.6201000213623047;0.6200000047683716;0.6200010180473328;0;2020-10-26 09:30:00-04:00
0.6200000047683716;0.6201000213623047;0.6200000047683716;0.6201000213623047;200;2020-10-26 10:30:00-04:00
0.6200000047683716;0.6201000213623047;0.6200000047683716;0.6201000213623047;1006;2020-10-26 11:30:00-04:00
0.6200000047683716;0.6202710270881653;0.6200000047683716;0.6200000047683716;0;2020-10-28 09:30:00-04:00
0.6200000047683716;0.6200000047683716;0.5861999988555908;0.5861999988555908;8054;2020-10-28 10:30:00-04:00
0.5860000252723694;0.5860000252723694;0.5849999785423279;0.5849999785423279;400;2020-10-28 11:30:00-04:00
0.5841000080108643;0.5842000246047974;0.5830000042915344;0.5842000246047974;455;2020-10-28 13:30:00-04:00
0.5600000023841858;0.5748000144958496;0.5501000285148621;0.5748000144958496;16954;2020-10-28 14:30:00-04:00
0.6200000047683716;0.6200000047683716;0.5801010131835938;0.5801010131835938;2770;2020-10-28 15:30:00-04:00
0.5501000285148621;0.5501000285148621;0.5501000285148621;0.5501000285148621;0;2020-10-29 13:30:00-04:00
0.5501000285148621;0.5600000023841858;0.5501000285148621;0.5501009821891785;1900;2020-10-29 14:30:00-04:00
0.550000011920929;0.550000011920929;0.5300999879837036;0.550000011920929;3013;2020-10-30 09:30:00-04:00
0.5300999879837036;0.5300999879837036;0.5300999879837036;0.5300999879837036;520;2020-10-30 10:30:00-04:00
0.5300999879837036;0.5300999879837036;0.5300999879837036;0.5300999879837036;0;2020-10-30 11:30:00-04:00
0.5300999879837036;0.5300999879837036;0.5300999879837036;0.5300999879837036;18283;2020-10-30 12:30:00-04:00
0.6000000238418579;0.621399998664856;0.6000000238418579;0.621399998664856;1251;2020-11-02 10:30:00-05:00
0.6150000095367432;0.6200000047683716;0.6150000095367432;0.6200000047683716;0;2020-11-04 13:30:00-05:00
0.6349999904632568;0.6349999904632568;0.5853999853134155;0.6349999904632568;16305;2020-11-04 14:30:00-05:00
0.6000000238418579;0.6000000238418579;0.6000000238418579;0.6000000238418579;0;2020-11-06 09:30:00-05:00
0.6298990249633789;0.6298990249633789;0.6199989914894104;0.6298990249633789;1100;2020-11-06 11:30:00-05:00
0.6101999878883362;0.6101999878883362;0.6000000238418579;0.6000000238418579;1000;2020-11-06 15:30:00-05:00
0.625;0.6299999952316284;0.625;0.6299999952316284;100;2020-11-09 11:30:00-05:00
0.6208490133285522;0.6399999856948853;0.6208490133285522;0.6399999856948853;1800;2020-11-09 12:30:00-05:00
0.6700000166893005;0.6700000166893005;0.6700000166893005;0.6700000166893005;9100;2020-11-09 14:30:00-05:00
0.6199989914894104;0.6199989914894104;0.6199989914894104;0.6199989914894104;400;2020-11-10 15:30:00-05:00
0.620199978351593;0.620199978351593;0.5600000023841858;0.5600000023841858;2300;2020-11-12 09:30:00-05:00
0.5699999928474426;0.5699999928474426;0.5698999762535095;0.5698999762535095;450;2020-11-12 10:30:00-05:00
0.5699999928474426;0.5781000256538391;0.5501000285148621;0.5781000256538391;10150;2020-11-12 12:30:00-05:00
0.5781000256538391;0.5781000256538391;0.550000011920929;0.550000011920929;875;2020-11-12 13:30:00-05:00
0.6000000238418579;0.6146010160446167;0.6000000238418579;0.6000000238418579;3073;2020-11-12 14:30:00-05:00
0.6100000143051147;0.6100000143051147;0.6100000143051147;0.6100000143051147;353;2020-11-13 13:30:00-05:00
0.6301010251045227;0.6301010251045227;0.6299999952316284;0.6299999952316284;4000;2020-11-13 15:30:00-05:00
0.699999988079071;0.699999988079071;0.699999988079071;0.699999988079071;7500;2020-11-18 11:30:00-05:00
0.7016000151634216;0.7016000151634216;0.6751000285148621;0.6752009987831116;2000;2020-11-18 13:30:00-05:00
0.6751000285148621;0.6751999855041504;0.6700000166893005;0.6700999736785889;0;2020-11-18 14:30:00-05:00
0.6857510209083557;0.6857510209083557;0.6499999761581421;0.6499999761581421;4749;2020-11-19 09:30:00-05:00
0.6499999761581421;0.800000011920929;0.6499999761581421;0.800000011920929;10122;2020-11-19 10:30:00-05:00
0.8224999904632568;0.915000021457672;0.8100000023841858;0.915000021457672;14870;2020-11-19 11:30:00-05:00
0.8995000123977661;0.9800000190734864;0.8995000123977661;0.9004999995231628;13970;2020-11-19 13:30:00-05:00
0.949999988079071;1.0049999952316284;0.949999988079071;0.9900000095367432;16800;2020-11-19 14:30:00-05:00
0.9004999995231628;0.9449999928474426;0.8999999761581421;0.9030010104179382;16000;2020-11-19 15:30:00-05:00
0.8500000238418579;0.8504999876022339;0.8500000238418579;0.8500099778175354;2949;2020-11-20 10:30:00-05:00
0.8999999761581421;0.8999999761581421;0.8500000238418579;0.8500000238418579;10000;2020-11-20 12:30:00-05:00
0.8999999761581421;0.8999999761581421;0.8995000123977661;0.8999999761581421;2730;2020-11-20 14:30:00-05:00
0.8999999761581421;0.8999999761581421;0.8999999761581421;0.8999999761581421;2600;2020-11-20 15:30:00-05:00
0.949999988079071;0.949999988079071;0.949999988079071;0.949999988079071;1430;2020-11-23 14:30:00-05:00
0.9200000166893004;0.9200000166893004;0.9200000166893004;0.9200000166893004;50;2020-11-24 11:30:00-05:00
0.9099000096321106;0.9200000166893004;0.9099000096321106;0.9200000166893004;3176;2020-11-25 10:30:00-05:00
0.9399999976158142;0.9399999976158142;0.8999999761581421;0.8999999761581421;3498;2020-11-25 11:30:00-05:00
0.949999988079071;0.9700000286102296;0.949999988079071;0.9700000286102296;3900;2020-11-25 13:30:00-05:00
0.949999988079071;0.975000023841858;0.949999988079071;0.949999988079071;2520;2020-11-25 14:30:00-05:00
0.9695000052452089;1.2599999904632568;0.9695000052452089;1.2599999904632568;0;2020-11-27 09:30:00-05:00
0.8799999952316284;0.8799999952316284;0.8799999952316284;0.8799999952316284;4051;2020-11-27 12:30:00-05:00
0.8999999761581421;0.8999999761581421;0.8999999761581421;0.8999999761581421;0;2020-11-30 09:30:00-05:00
1.0499999523162842;1.0499999523162842;0.9886999726295472;0.9886999726295472;219;2020-12-01 09:30:00-05:00
1.0;1.0;0.949999988079071;0.949999988079071;12277;2020-12-01 10:30:00-05:00
0.8999999761581421;0.8999999761581421;0.8999999761581421;0.8999999761581421;2800;2020-12-01 11:30:00-05:00
0.8500000238418579;0.8700000047683716;0.8500000238418579;0.8700000047683716;2300;2020-12-01 13:30:00-05:00
0.8700000047683716;0.8700000047683716;0.8500000238418579;0.8500000238418579;2150;2020-12-01 14:30:00-05:00
0.8500000238418579;0.8500000238418579;0.8500000238418579;0.8500000238418579;0;2020-12-02 09:30:00-05:00
0.949999988079071;0.949999988079071;0.949999988079071;0.949999988079071;1000;2020-12-02 10:30:00-05:00
0.9300000071525574;0.9399999976158142;0.9300000071525574;0.9399999976158142;1740;2020-12-02 12:30:00-05:00
0.9398990273475648;0.9399999976158142;0.8931009769439697;0.9399999976158142;1149;2020-12-02 15:30:00-05:00
0.9398999810218812;1.0399999618530271;0.9398999810218812;1.0361000299453735;2371;2020-12-03 09:30:00-05:00
0.9100000262260436;0.9144999980926514;0.8999999761581421;0.8999999761581421;1401;2020-12-03 10:30:00-05:00
0.9804999828338624;0.9804999828338624;0.8999999761581421;0.8999999761581421;1250;2020-12-03 12:30:00-05:00
1.0098999738693235;1.0299999713897705;1.0;1.0299999713897705;4305;2020-12-03 13:30:00-05:00
1.0199999809265137;1.0199999809265137;1.0099999904632568;1.0099999904632568;3750;2020-12-03 15:30:00-05:00
1.100000023841858;1.100000023841858;1.100000023841858;1.100000023841858;0;2020-12-04 09:30:00-05:00
1.149899959564209;1.149999976158142;1.090000033378601;1.149899959564209;13770;2020-12-04 10:30:00-05:00
1.149899959564209;1.149899959564209;1.1446000337600708;1.149799942970276;300;2020-12-04 11:30:00-05:00
1.0978000164031982;1.0978000164031982;1.0978000164031982;1.0978000164031982;1083;2020-12-04 13:30:00-05:00
1.1399999856948853;1.149999976158142;1.059999942779541;1.059999942779541;1949;2020-12-04 14:30:00-05:00
1.059999942779541;1.149999976158142;1.059999942779541;1.149999976158142;1550;2020-12-04 15:30:00-05:00
1.121899962425232;1.121899962425232;1.121899962425232;1.121899962425232;0;2020-12-07 09:30:00-05:00
1.149999976158142;1.2599999904632568;1.149999976158142;1.2598999738693235;10678;2020-12-07 10:30:00-05:00
1.25;1.399999976158142;1.249500036239624;1.399999976158142;19900;2020-12-07 12:30:00-05:00
1.2999999523162842;1.3250000476837158;1.2200000286102295;1.2549999952316284;8274;2020-12-07 13:30:00-05:00
1.25;1.2999999523162842;1.2400000095367432;1.2999000549316406;18000;2020-12-07 14:30:00-05:00
1.090000033378601;1.2999999523162842;1.090000033378601;1.2999000549316406;0;2020-12-08 09:30:00-05:00
1.1749999523162842;1.1749999523162842;1.1749999523162842;1.1749999523162842;250;2020-12-08 10:30:00-05:00
1.1749999523162842;1.25;1.1749999523162842;1.25;3735;2020-12-08 11:30:00-05:00
1.100100040435791;1.25;1.100100040435791;1.25;300;2020-12-08 13:30:00-05:00
1.1200000047683716;1.1200000047683716;1.1100000143051147;1.1100000143051147;2500;2020-12-08 15:30:00-05:00
1.2899999618530271;1.2899999618530271;1.1299999952316284;1.2400000095367432;2750;2020-12-09 10:30:00-05:00
1.1785999536514282;1.1785999536514282;1.1785999536514282;1.1785999536514282;200;2020-12-09 11:30:00-05:00
1.1299999952316284;1.1449999809265137;1.1200000047683716;1.120100021362305;3500;2020-12-09 12:30:00-05:00
1.1449999809265137;1.1449999809265137;1.1200000047683716;1.1444000005722046;0;2020-12-09 14:30:00-05:00
1.1200000047683716;1.1200000047683716;1.1200000047683716;1.1200000047683716;9450;2020-12-09 15:30:00-05:00
1.0501999855041504;1.1200000047683716;1.0501999855041504;1.1198999881744385;0;2020-12-10 09:30:00-05:00
1.190000057220459;1.2000000476837158;1.090000033378601;1.090000033378601;1150;2020-12-10 10:30:00-05:00
1.1200000047683716;1.1200000047683716;1.1200000047683716;1.1200000047683716;100;2020-12-10 12:30:00-05:00
1.2999000549316406;1.2999999523162842;1.1100000143051147;1.1200000047683716;5851;2020-12-10 13:30:00-05:00
1.149999976158142;1.149999976158142;1.1200000047683716;1.1200000047683716;1000;2020-12-10 14:30:00-05:00
1.100000023841858;1.649999976158142;1.0499999523162842;1.649999976158142;10935;2020-12-11 09:30:00-05:00
1.5297000408172607;1.5297000408172607;1.3799999952316284;1.3899999856948853;2810;2020-12-11 10:30:00-05:00
1.2426999807357788;1.2426999807357788;1.1200000047683716;1.2000000476837158;2150;2020-12-11 11:30:00-05:00
1.2100000381469729;1.2100000381469729;1.2000000476837158;1.2050000429153442;950;2020-12-11 12:30:00-05:00
1.2100000381469729;1.2100000381469729;1.2100000381469729;1.2100000381469729;100;2020-12-11 13:30:00-05:00
1.2000000476837158;1.2000000476837158;1.2000000476837158;1.2000000476837158;7868;2020-12-11 14:30:00-05:00
1.25;1.25;1.159999966621399;1.159999966621399;0;2020-12-14 09:30:00-05:00
1.600000023841858;1.7400000095367432;1.159999966621399;1.159999966621399;9744;2020-12-14 10:30:00-05:00
1.2300000190734863;1.399999976158142;1.2300000190734863;1.399999976158142;19099;2020-12-14 13:30:00-05:00
1.2803000211715698;1.2803000211715698;1.2803000211715698;1.2803000211715698;100;2020-12-14 14:30:00-05:00
1.268399953842163;1.268399953842163;1.268399953842163;1.268399953842163;300;2020-12-14 15:30:00-05:00
1.2100000381469729;1.2200000286102295;1.190000057220459;1.2200000286102295;0;2020-12-15 09:30:00-05:00
1.309999942779541;1.3899999856948853;1.2999999523162842;1.2999999523162842;4700;2020-12-15 10:30:00-05:00
1.2100000381469729;1.2100000381469729;1.2000000476837158;1.2100000381469729;3065;2020-12-15 11:30:00-05:00
1.2799999713897705;1.2899999618530271;1.2799999713897705;1.2899999618530271;350;2020-12-15 12:30:00-05:00
1.2100000381469729;1.2100000381469729;1.2100000381469729;1.2100000381469729;1576;2020-12-15 13:30:00-05:00
1.2999999523162842;1.2999999523162842;1.2899999618530271;1.2899999618530271;0;2020-12-15 14:30:00-05:00
1.2000000476837158;1.2899999618530271;1.2000000476837158;1.2899999618530271;1711;2020-12-16 09:30:00-05:00
1.2599999904632568;1.2999999523162842;1.2599999904632568;1.2999999523162842;48155;2020-12-16 12:30:00-05:00
1.4500000476837158;1.4500000476837158;1.4500000476837158;1.4500000476837158;0;2020-12-17 09:30:00-05:00
1.1799999475479126;1.1799999475479126;1.1799999475479126;1.1799999475479126;7029;2020-12-17 15:30:00-05:00
1.1200000047683716;1.190000057220459;1.1200000047683716;1.1699999570846558;0;2020-12-18 09:30:00-05:00
1.1699999570846558;1.179800033569336;1.1699999570846558;1.179800033569336;375;2020-12-18 10:30:00-05:00
1.159999966621399;1.1799999475479126;1.149999976158142;1.1799999475479126;19600;2020-12-18 11:30:00-05:00
1.1799999475479126;1.1799999475479126;1.179900050163269;1.1799999475479126;17400;2020-12-18 14:30:00-05:00
1.1647000312805176;1.1799999475479126;1.149999976158142;1.1649999618530271;2400;2020-12-18 15:30:00-05:00
1.25;1.25;1.25;1.25;0;2020-12-21 09:30:00-05:00
1.25;1.250100016593933;1.25;1.250100016593933;3000;2020-12-21 10:30:00-05:00
1.1399999856948853;1.1399999856948853;1.1200000047683716;1.1299999952316284;10532;2020-12-21 11:30:00-05:00
1.1299999952316284;1.1299999952316284;1.1100000143051147;1.1100000143051147;1100;2020-12-21 12:30:00-05:00
1.1200000047683716;1.129899978637695;1.100000023841858;1.1186000108718872;3757;2020-12-21 14:30:00-05:00
1.100000023841858;1.1100000143051147;1.100000023841858;1.1100000143051147;300;2020-12-21 15:30:00-05:00
1.351099967956543;1.351099967956543;1.2000000476837158;1.25;0;2020-12-22 09:30:00-05:00
1.2999999523162842;1.309999942779541;1.25;1.2999999523162842;21199;2020-12-22 11:30:00-05:00
1.2200000286102295;1.2200000286102295;1.2000000476837158;1.2000000476837158;6780;2020-12-22 14:30:00-05:00
1.149999976158142;1.149999976158142;1.1399999856948853;1.1399999856948853;19550;2020-12-22 15:30:00-05:00
1.25;1.399999976158142;1.25;1.3109999895095823;0;2020-12-23 09:30:00-05:00
1.340000033378601;1.350000023841858;1.340000033378601;1.350000023841858;14000;2020-12-23 11:30:00-05:00
1.3450000286102295;1.3450000286102295;1.340000033378601;1.340000033378601;23050;2020-12-23 12:30:00-05:00
1.350000023841858;1.350000023841858;1.2999999523162842;1.2999999523162842;27800;2020-12-23 13:30:00-05:00
1.3049999475479126;1.3049999475479126;1.3049999475479126;1.3049999475479126;415;2020-12-23 14:30:00-05:00
1.2949999570846558;1.2999999523162842;1.2000000476837158;1.2999999523162842;0;2020-12-24 09:30:00-05:00
1.2599999904632568;1.3899999856948853;1.2100000381469729;1.3899999856948853;7300;2020-12-24 10:30:00-05:00
1.2699999809265137;1.3899999856948853;1.2699999809265137;1.3899999856948853;2200;2020-12-24 11:30:00-05:00
1.5299999713897705;1.600100040435791;1.5;1.5;26775;2020-12-28 09:30:00-05:00
1.4500000476837158;1.600000023841858;1.4500000476837158;1.5299999713897705;32841;2020-12-28 10:30:00-05:00
1.5499999523162842;1.5850000381469729;1.5199999809265137;1.5699000358581543;8889;2020-12-28 11:30:00-05:00
1.5686999559402466;1.5800000429153442;1.5499999523162842;1.5800000429153442;13711;2020-12-28 12:30:00-05:00
1.5501999855041504;1.600000023841858;1.5499999523162842;1.600000023841858;4513;2020-12-28 13:30:00-05:00
1.565000057220459;1.5800000429153442;1.5499999523162842;1.5499999523162842;7054;2020-12-28 14:30:00-05:00
1.5499999523162842;1.5499999523162842;1.5199999809265137;1.5199999809265137;9241;2020-12-28 15:30:00-05:00
1.5;1.5;1.3049999475479126;1.340000033378601;0;2020-12-29 09:30:00-05:00
1.2200000286102295;1.409999966621399;1.2200000286102295;1.399999976158142;15063;2020-12-29 10:30:00-05:00
1.4299999475479126;1.4299999475479126;1.4299999475479126;1.4299999475479126;510;2020-12-29 11:30:00-05:00
1.4586000442504885;1.5;1.440000057220459;1.440000057220459;36300;2020-12-29 14:30:00-05:00
1.440000057220459;1.5;1.4299999475479126;1.4600000381469729;1800;2020-12-29 15:30:00-05:00
1.4500000476837158;1.4500000476837158;1.350000023841858;1.350000023841858;0;2020-12-30 09:30:00-05:00
1.350000023841858;1.350000023841858;1.340000033378601;1.340000033378601;8039;2020-12-30 10:30:00-05:00
1.309999942779541;1.3200000524520874;1.309999942779541;1.309999942779541;6400;2020-12-30 11:30:00-05:00
1.4359999895095823;1.4359999895095823;1.3200000524520874;1.350000023841858;5300;2020-12-30 12:30:00-05:00
1.350000023841858;1.350000023841858;1.350000023841858;1.350000023841858;5900;2020-12-30 13:30:00-05:00
1.3600000143051147;1.4049999713897705;1.3600000143051147;1.3700000047683716;9800;2020-12-30 14:30:00-05:00
1.3700000047683716;1.3700000047683716;1.3700000047683716;1.3700000047683716;4900;2020-12-30 15:30:00-05:00
1.3700000047683716;1.4500000476837158;1.350000023841858;1.399999976158142;0;2020-12-31 09:30:00-05:00
1.350000023841858;1.399999976158142;1.350000023841858;1.399999976158142;5500;2020-12-31 10:30:00-05:00
1.3849999904632568;1.409999966621399;1.3700000047683716;1.399999976158142;10400;2020-12-31 11:30:00-05:00
1.399999976158142;1.409999966621399;1.3700000047683716;1.399999976158142;20635;2020-12-31 12:30:00-05:00
1.3799999952316284;1.399999976158142;1.3799999952316284;1.399999976158142;5283;2020-12-31 13:30:00-05:00
1.4850000143051147;1.4850000143051147;1.4850000143051147;1.4850000143051147;100;2020-12-31 15:30:00-05:00
1.649799942970276;1.649799942970276;1.4000999927520752;1.6200000047683716;0;2021-01-04 09:30:00-05:00
1.559999942779541;1.559999942779541;1.559999942779541;1.559999942779541;8000;2021-01-04 10:30:00-05:00
1.559999942779541;1.559999942779541;1.4500000476837158;1.4500000476837158;1460;2021-01-04 11:30:00-05:00
1.4300999641418457;1.4600000381469729;1.4299999475479126;1.4500000476837158;2549;2021-01-04 12:30:00-05:00
1.5499000549316406;1.6100000143051147;1.5299999713897705;1.6100000143051147;15153;2021-01-04 13:30:00-05:00
1.600000023841858;1.7136000394821167;1.600000023841858;1.649999976158142;11958;2021-01-04 14:30:00-05:00
1.6100000143051147;1.6200000047683716;1.5199999809265137;1.5199999809265137;0;2021-01-05 09:30:00-05:00
1.5299999713897705;1.6100000143051147;1.409999966621399;1.600000023841858;24118;2021-01-05 10:30:00-05:00
1.600000023841858;1.7400000095367432;1.600000023841858;1.6699999570846558;20707;2021-01-05 11:30:00-05:00
1.6699999570846558;1.7899999618530271;1.6399999856948853;1.6399999856948853;10936;2021-01-05 12:30:00-05:00
1.659999966621399;1.659999966621399;1.6399999856948853;1.6399999856948853;4285;2021-01-05 15:30:00-05:00
1.7599999904632568;1.7599999904632568;1.409999966621399;1.440000057220459;0;2021-01-06 09:30:00-05:00
1.6200000047683716;1.684999942779541;1.6200000047683716;1.684999942779541;1500;2021-01-06 11:30:00-05:00
1.75;1.7999999523162842;1.7000000476837158;1.7999999523162842;8250;2021-01-06 12:30:00-05:00
1.7599999904632568;1.830000042915344;1.7200000286102295;1.830000042915344;9918;2021-01-06 13:30:00-05:00
1.830000042915344;1.830000042915344;1.7200000286102295;1.7200000286102295;4152;2021-01-06 14:30:00-05:00
1.809999942779541;1.809999942779541;1.809999942779541;1.809999942779541;215;2021-01-06 15:30:00-05:00
1.940000057220459;1.940000057220459;1.7300000190734863;1.7300000190734863;0;2021-01-07 09:30:00-05:00
1.7200000286102295;1.7599999904632568;1.7100000381469729;1.7100000381469729;9265;2021-01-07 10:30:00-05:00
1.7300000190734863;1.7300000190734863;1.7000000476837158;1.7000000476837158;9995;2021-01-07 12:30:00-05:00
1.7200000286102295;1.75;1.7200000286102295;1.75;3097;2021-01-07 13:30:00-05:00
1.7300000190734863;1.7300000190734863;1.7300000190734863;1.7300000190734863;1006;2021-01-07 14:30:00-05:00
1.7497999668121338;1.75;1.7497999668121338;1.75;5800;2021-01-07 15:30:00-05:00
1.7699999809265137;1.7699999809265137;1.7599999904632568;1.7599999904632568;0;2021-01-08 09:30:00-05:00
1.75;1.8314000368118288;1.75;1.8314000368118288;5478;2021-01-08 11:30:00-05:00
1.830000042915344;1.830000042915344;1.830000042915344;1.830000042915344;2274;2021-01-08 12:30:00-05:00
1.7599999904632568;1.7599999904632568;1.7300000190734863;1.7400000095367432;12944;2021-01-08 15:30:00-05:00
1.75;1.75;1.75;1.75;0;2021-01-11 09:30:00-05:00
1.950000047683716;1.950000047683716;1.8000999689102173;1.8000999689102173;6050;2021-01-11 10:30:00-05:00
1.899999976158142;1.899999976158142;1.8650000095367432;1.8650000095367432;350;2021-01-11 11:30:00-05:00
1.830000042915344;1.830000042915344;1.830000042915344;1.830000042915344;500;2021-01-11 13:30:00-05:00
1.8200000524520876;1.8200000524520876;1.7799999713897705;1.7799999713897705;5270;2021-01-11 14:30:00-05:00
1.7400000095367432;1.7400000095367432;1.7100000381469729;1.7100000381469729;1163;2021-01-11 15:30:00-05:00
1.7400000095367432;1.7400000095367432;1.7400000095367432;1.7400000095367432;0;2021-01-12 09:30:00-05:00
1.809999942779541;1.809999942779541;1.7599999904632568;1.7599999904632568;451;2021-01-12 10:30:00-05:00
1.7699999809265137;1.7799999713897705;1.7599999904632568;1.7799999713897705;19765;2021-01-12 11:30:00-05:00
1.7799999713897705;1.7799999713897705;1.649999976158142;1.6799999475479126;5762;2021-01-12 12:30:00-05:00
1.6100000143051147;1.6933000087738037;1.4600000381469729;1.649999976158142;38500;2021-01-12 13:30:00-05:00
1.649999976158142;1.690000057220459;1.649999976158142;1.690000057220459;4240;2021-01-12 14:30:00-05:00
1.6699999570846558;1.7000000476837158;1.6699999570846558;1.6999000310897827;17245;2021-01-12 15:30:00-05:00
1.75;1.850000023841858;1.75;1.850000023841858;0;2021-01-13 09:30:00-05:00
1.7999999523162842;1.807999968528748;1.7999999523162842;1.8000999689102173;8863;2021-01-13 10:30:00-05:00
1.7799999713897705;1.7799999713897705;1.649999976158142;1.649999976158142;15169;2021-01-13 11:30:00-05:00
1.6349999904632568;1.7899999618530271;1.6349999904632568;1.7899999618530271;6731;2021-01-13 12:30:00-05:00
1.75;1.75;1.75;1.75;1655;2021-01-13 13:30:00-05:00
1.7000000476837158;1.7000000476837158;1.7000000476837158;1.7000000476837158;275;2021-01-13 14:30:00-05:00
1.6699999570846558;1.6699999570846558;1.5399999618530271;1.659999966621399;14707;2021-01-14 10:30:00-05:00
1.6699999570846558;1.6699999570846558;1.659999966621399;1.6698999404907229;59673;2021-01-14 11:30:00-05:00
1.659999966621399;1.659999966621399;1.6598000526428225;1.6598000526428225;520;2021-01-14 12:30:00-05:00
1.6549999713897705;1.659999966621399;1.649999976158142;1.649999976158142;2316;2021-01-14 13:30:00-05:00
1.6299999952316284;1.6299999952316284;1.6299999952316284;1.6299999952316284;450;2021-01-14 14:30:00-05:00
1.6399999856948853;1.659999966621399;1.6200000047683716;1.6200000047683716;4352;2021-01-14 15:30:00-05:00
1.6200000047683716;1.6399999856948853;1.6200000047683716;1.6399999856948853;0;2021-01-15 09:30:00-05:00
1.6399999856948853;1.6399999856948853;1.5099999904632568;1.5099999904632568;31800;2021-01-15 10:30:00-05:00
1.559999942779541;1.5700000524520874;1.5099999904632568;1.5099999904632568;35300;2021-01-15 11:30:00-05:00
1.5549999475479126;1.5700000524520874;1.5499999523162842;1.563099980354309;10785;2021-01-15 12:30:00-05:00
1.5499999523162842;1.5700000524520874;1.5499999523162842;1.5699000358581543;7228;2021-01-15 13:30:00-05:00
1.5499999523162842;1.659999966621399;1.5499999523162842;1.5700000524520874;78508;2021-01-15 14:30:00-05:00
1.5800000429153442;1.6721999645233154;1.5700000524520874;1.5700000524520874;2350;2021-01-15 15:30:00-05:00
1.5700000524520874;1.5700000524520874;1.5700000524520874;1.5700000524520874;0;2021-01-19 09:30:00-05:00
1.625;1.6299999952316284;1.600000023841858;1.600000023841858;11850;2021-01-19 10:30:00-05:00
1.600000023841858;1.600000023841858;1.5700000524520874;1.5901000499725342;6864;2021-01-19 11:30:00-05:00
1.559999942779541;1.562199950218201;1.5199999809265137;1.5393999814987185;23105;2021-01-19 12:30:00-05:00
1.524999976158142;1.5400999784469604;1.5099999904632568;1.5400999784469604;8230;2021-01-19 13:30:00-05:00
1.5700000524520874;1.600000023841858;1.5499999523162842;1.600000023841858;6500;2021-01-19 15:30:00-05:00
1.5499999523162842;1.5800000429153442;1.5499999523162842;1.5800000429153442;0;2021-01-20 09:30:00-05:00
1.590000033378601;1.590000033378601;1.5299999713897705;1.5299999713897705;9867;2021-01-20 11:30:00-05:00
1.5494999885559082;1.5499999523162842;1.5299999713897705;1.5399999618530271;4200;2021-01-20 12:30:00-05:00
1.5299999713897705;1.5397000312805176;1.5;1.5149999856948853;12757;2021-01-20 13:30:00-05:00
1.5149999856948853;1.5149999856948853;1.47599995136261;1.47599995136261;14537;2021-01-20 14:30:00-05:00
1.4700000286102295;1.4800000190734863;1.409999966621399;1.4800000190734863;10133;2021-01-20 15:30:00-05:00
1.5;1.5800000429153442;1.5;1.524999976158142;0;2021-01-21 09:30:00-05:00
1.5499999523162842;1.5499999523162842;1.5499999523162842;1.5499999523162842;1623;2021-01-21 10:30:00-05:00
1.5499999523162842;1.5700000524520874;1.5498000383377075;1.5499999523162842;13523;2021-01-21 11:30:00-05:00
1.559999942779541;1.559999942779541;1.559999942779541;1.559999942779541;2161;2021-01-21 12:30:00-05:00
1.5700000524520874;1.590000033378601;1.5499999523162842;1.590000033378601;26632;2021-01-21 13:30:00-05:00
1.559999942779541;1.559999942779541;1.559999942779541;1.559999942779541;352;2021-01-21 14:30:00-05:00
1.5549999475479126;1.5549999475479126;1.5549999475479126;1.5549999475479126;0;2021-01-21 15:30:00-05:00
1.529099941253662;1.5699000358581543;1.5199999809265137;1.5199999809265137;11423;2021-01-22 09:30:00-05:00
1.5499999523162842;1.5499999523162842;1.5499999523162842;1.5499999523162842;8927;2021-01-22 10:30:00-05:00
1.649999976158142;1.649999976158142;1.649999976158142;1.649999976158142;305;2021-01-22 11:30:00-05:00
1.5499999523162842;1.5499999523162842;1.5499999523162842;1.5499999523162842;550;2021-01-22 12:30:00-05:00
1.5499999523162842;1.5499999523162842;1.5199999809265137;1.5199999809265137;9315;2021-01-22 13:30:00-05:00
1.5199999809265137;1.7000000476837158;1.5199999809265137;1.7000000476837158;28235;2021-01-22 14:30:00-05:00
1.649999976158142;1.649999976158142;1.649999976158142;1.649999976158142;320;2021-01-22 15:30:00-05:00
1.5700000524520874;1.75;1.559999942779541;1.75;0;2021-01-25 09:30:00-05:00
1.7300000190734863;1.7300000190734863;1.6699999570846558;1.6699999570846558;1246;2021-01-25 10:30:00-05:00
1.7100000381469729;1.7100000381469729;1.7100000381469729;1.7100000381469729;322;2021-01-25 11:30:00-05:00
1.689900040626526;1.689900040626526;1.6200000047683716;1.649999976158142;860;2021-01-25 12:30:00-05:00
1.600000023841858;1.6100000143051147;1.600000023841858;1.6100000143051147;2050;2021-01-25 13:30:00-05:00
1.6150000095367432;1.6200000047683716;1.5950000286102295;1.5950000286102295;10199;2021-01-25 14:30:00-05:00
1.7000000476837158;1.7000000476837158;1.5499999523162842;1.5499999523162842;11350;2021-01-26 09:30:00-05:00
1.5750000476837158;1.7000000476837158;1.5299999713897705;1.600000023841858;34114;2021-01-26 10:30:00-05:00
1.600000023841858;2.0;1.5800000429153442;1.899999976158142;247323;2021-01-26 11:30:00-05:00
1.8799999952316284;1.950000047683716;1.8799999952316284;1.899999976158142;73418;2021-01-26 12:30:00-05:00
1.899999976158142;2.000099897384644;1.899999976158142;1.909999966621399;24405;2021-01-26 13:30:00-05:00
1.919999957084656;2.0;1.8902000188827517;1.9299999475479128;21694;2021-01-26 14:30:00-05:00
1.9299999475479128;1.950000047683716;1.8899999856948853;1.899999976158142;18924;2021-01-26 15:30:00-05:00
1.899999976158142;1.899999976158142;1.6100000143051147;1.7899999618530271;12840;2021-01-27 09:30:00-05:00
1.7999999523162842;1.8001999855041504;1.6200000047683716;1.6299999952316284;23719;2021-01-27 10:30:00-05:00
1.6299999952316284;1.7999999523162842;1.590000033378601;1.75;18004;2021-01-27 11:30:00-05:00
1.7000000476837158;1.7000000476837158;1.590000033378601;1.5950000286102295;17480;2021-01-27 12:30:00-05:00
1.5950000286102295;1.6799999475479126;1.5950000286102295;1.600000023841858;16826;2021-01-27 13:30:00-05:00
1.600000023841858;1.600000023841858;1.3799999952316284;1.4299999475479126;29230;2021-01-27 14:30:00-05:00
1.399999976158142;1.4299999475479126;1.399999976158142;1.4199999570846558;0;2021-01-27 15:30:00-05:00
1.5;1.559999942779541;1.4500000476837158;1.5299999713897705;18211;2021-01-28 09:30:00-05:00
1.5;1.5199999809265137;1.3600000143051147;1.3700000047683716;13210;2021-01-28 10:30:00-05:00
1.3700000047683716;1.4500000476837158;1.340000033378601;1.4498000144958496;7017;2021-01-28 11:30:00-05:00
1.409999966621399;1.5;1.409999966621399;1.4299999475479126;12673;2021-01-28 12:30:00-05:00
1.440000057220459;1.475000023841858;1.440000057220459;1.475000023841858;1468;2021-01-28 13:30:00-05:00
1.4300999641418457;1.4500000476837158;1.4300999641418457;1.440000057220459;0;2021-01-28 14:30:00-05:00
1.4299999475479126;1.440000057220459;1.4299999475479126;1.440000057220459;4360;2021-01-29 09:30:00-05:00
1.440000057220459;1.5199999809265137;1.440000057220459;1.5099999904632568;2772;2021-01-29 10:30:00-05:00
1.475000023841858;1.475000023841858;1.4407000541687012;1.4407000541687012;1910;2021-01-29 11:30:00-05:00
1.440000057220459;1.440000057220459;1.440000057220459;1.440000057220459;3739;2021-01-29 12:30:00-05:00
1.4319000244140625;1.4319000244140625;1.4319000244140625;1.4319000244140625;150;2021-01-29 13:30:00-05:00
1.440000057220459;1.5;1.440000057220459;1.5;3100;2021-01-29 14:30:00-05:00
1.4800000190734863;1.4900000095367432;1.4500000476837158;1.4800000190734863;5010;2021-01-29 15:30:00-05:00
1.600000023841858;1.600000023841858;1.5400999784469604;1.5950000286102295;4621;2021-02-01 09:30:00-05:00
1.6167999505996704;1.7000000476837158;1.5;1.6799999475479126;104486;2021-02-01 10:30:00-05:00
1.6799999475479126;1.6799999475479126;1.6799999475479126;1.6799999475479126;216;2021-02-01 11:30:00-05:00
1.690000057220459;1.7000000476837158;1.6895999908447266;1.7000000476837158;5669;2021-02-01 12:30:00-05:00
1.6799999475479126;1.690000057220459;1.6799999475479126;1.6855000257492063;3200;2021-02-01 13:30:00-05:00
1.7000000476837158;1.75;1.697700023651123;1.75;48985;2021-02-01 14:30:00-05:00
1.7100000381469729;1.7400000095367432;1.7000000476837158;1.739199995994568;0;2021-02-01 15:30:00-05:00
1.7999999523162842;1.7999999523162842;1.7200000286102295;1.7400000095367432;7401;2021-02-02 09:30:00-05:00
1.7598999738693235;1.7599999904632568;1.7598999738693235;1.7599999904632568;6254;2021-02-02 10:30:00-05:00
1.7598999738693235;1.7598999738693235;1.75;1.75;3600;2021-02-02 11:30:00-05:00
1.7598999738693235;1.899999976158142;1.7400000095367432;1.8200000524520876;23728;2021-02-02 12:30:00-05:00
1.7799999713897705;1.7799999713897705;1.7599999904632568;1.7798999547958374;13850;2021-02-02 13:30:00-05:00
1.7599999904632568;1.7599999904632568;1.7400000095367432;1.7400000095367432;8455;2021-02-02 14:30:00-05:00
1.7400000095367432;1.7400000095367432;1.7100000381469729;1.7300000190734863;0;2021-02-02 15:30:00-05:00
1.7200000286102295;1.7400000095367432;1.7200000286102295;1.7400000095367432;7244;2021-02-03 09:30:00-05:00
1.7549999952316284;1.7999999523162842;1.7300000190734863;1.7400000095367432;19751;2021-02-03 10:30:00-05:00
1.7400000095367432;1.815000057220459;1.7316999435424805;1.7400000095367432;10855;2021-02-03 11:30:00-05:00
1.7400000095367432;1.7400000095367432;1.7400000095367432;1.7400000095367432;800;2021-02-03 12:30:00-05:00
1.7300000190734863;1.840000033378601;1.690000057220459;1.75;38674;2021-02-03 13:30:00-05:00
1.7300000190734863;1.8200000524520876;1.7299000024795532;1.8000999689102173;13666;2021-02-03 14:30:00-05:00
1.830000042915344;1.850000023841858;1.8200000524520876;1.850000023841858;4100;2021-02-03 15:30:00-05:00
1.8499000072479248;1.8499000072479248;1.8499000072479248;1.8499000072479248;220;2021-02-04 09:30:00-05:00
1.7899999618530271;1.839900016784668;1.7898999452590942;1.7999999523162842;6943;2021-02-04 10:30:00-05:00
1.830000042915344;1.840000033378601;1.8200000524520876;1.8200000524520876;9331;2021-02-04 11:30:00-05:00
1.8450000286102293;1.870000004768372;1.840000033378601;1.870000004768372;6750;2021-02-04 12:30:00-05:00
1.8401000499725344;1.851699948310852;1.840000033378601;1.850000023841858;20483;2021-02-04 13:30:00-05:00
1.8654999732971191;1.8654999732971191;1.8654999732971191;1.8654999732971191;500;2021-02-04 14:30:00-05:00
1.2899999618530271;1.2899999618530271;1.2899999618530271;1.2899999618530271;0;2021-04-14 15:30:00-04:00
1.3600000143051147;1.409999966621399;1.2599999904632568;1.3049999475479126;0;2021-04-15 09:30:00-04:00
1.326300024986267;1.350000023841858;1.25;1.281599998474121;66922;2021-04-15 10:30:00-04:00
1.2699999809265137;1.2999999523162842;1.2100000381469729;1.2999999523162842;17155;2021-04-15 11:30:00-04:00
1.2699999809265137;1.2899999618530271;1.149999976158142;1.1799999475479126;62199;2021-04-15 12:30:00-04:00
1.1799999475479126;1.2899999618530271;1.0;1.090000033378601;79426;2021-04-15 13:30:00-04:00
1.090000033378601;1.1399999856948853;1.059999942779541;1.090000033378601;67183;2021-04-15 14:30:00-04:00
1.1200000047683716;1.1299999952316284;1.0706000328063965;1.1200000047683716;11798;2021-04-15 15:30:00-04:00
1.0800000429153442;1.0800000429153442;1.0800000429153442;1.0800000429153442;0;2021-04-16 15:30:00-04:00
1.100000023841858;1.100000023841858;1.0750000476837158;1.0750000476837158;2300;2021-04-19 09:30:00-04:00
1.1100000143051147;1.1699999570846558;1.0800000429153442;1.0800000429153442;10233;2021-04-19 10:30:00-04:00
1.100000023841858;1.1399999856948853;1.100000023841858;1.1399999856948853;4280;2021-04-19 11:30:00-04:00
1.1299999952316284;1.149999976158142;1.0807000398635864;1.149999976158142;13561;2021-04-19 12:30:00-04:00
1.149999976158142;1.1502000093460083;1.1399999856948853;1.149999976158142;14517;2021-04-19 13:30:00-04:00
1.149999976158142;1.149999976158142;1.1055999994277954;1.1200000047683716;105048;2021-04-19 14:30:00-04:00
1.1200000047683716;1.1521999835968018;1.1200000047683716;1.149999976158142;0;2021-04-19 15:30:00-04:00
1.190000057220459;1.190000057220459;1.059999942779541;1.1699999570846558;5250;2021-04-20 09:30:00-04:00
1.1699999570846558;1.249899983406067;1.159999966621399;1.1699999570846558;4683;2021-04-20 10:30:00-04:00
1.1699999570846558;1.1699999570846558;1.1699999570846558;1.1699999570846558;1495;2021-04-20 11:30:00-04:00
1.1699999570846558;1.1704000234603882;1.1699999570846558;1.1699999570846558;9200;2021-04-20 12:30:00-04:00
1.1699999570846558;1.2000000476837158;1.1699999570846558;1.2000000476837158;3170;2021-04-20 13:30:00-04:00
1.2000000476837158;1.2100000381469729;1.2000000476837158;1.2000000476837158;800;2021-04-20 14:30:00-04:00
1.2000000476837158;1.2100000381469729;1.2000000476837158;1.2100000381469729;900;2021-04-20 15:30:00-04:00
1.14110004901886;1.14110004901886;0.9399999976158142;1.0199999809265137;29446;2021-04-21 09:30:00-04:00
1.0299999713897705;1.059999942779541;1.0099999904632568;1.059999942779541;6589;2021-04-21 10:30:00-04:00
1.0700000524520874;1.2000000476837158;1.059999942779541;1.2000000476837158;28568;2021-04-21 11:30:00-04:00
1.1200000047683716;1.149999976158142;1.0;1.100000023841858;33777;2021-04-21 13:30:00-04:00
1.059999942779541;1.2000000476837158;1.0393999814987185;1.149999976158142;9951;2021-04-21 14:30:00-04:00
1.25;1.25;1.2000000476837158;1.2000000476837158;7640;2021-04-21 15:30:00-04:00
1.2599999904632568;1.2599999904632568;1.100100040435791;1.149999976158142;30116;2021-04-22 09:30:00-04:00
1.2300000190734863;1.25;1.100000023841858;1.25;29368;2021-04-22 10:30:00-04:00
1.25;1.2699999809265137;1.25;1.2699999809265137;1352;2021-04-22 11:30:00-04:00
1.3600000143051147;1.375;1.350000023841858;1.375;652;2021-04-22 12:30:00-04:00
1.3600000143051147;1.3600000143051147;1.2999999523162842;1.350000023841858;6178;2021-04-22 13:30:00-04:00
1.3700000047683716;1.379899978637695;1.2699999809265137;1.3600000143051147;5413;2021-04-22 14:30:00-04:00
1.2899999618530271;1.2899999618530271;1.2899999618530271;1.2899999618530271;250;2021-04-22 15:30:00-04:00
1.2898999452590942;1.2899999618530271;1.2898999452590942;1.2899999618530271;0;2021-04-23 09:30:00-04:00
1.309999942779541;1.309999942779541;1.159999966621399;1.159999966621399;8418;2021-04-23 10:30:00-04:00
1.2100000381469729;1.2200000286102295;1.1649999618530271;1.1699999570846558;4601;2021-04-23 11:30:00-04:00
1.1699999570846558;1.1699999570846558;1.1699999570846558;1.1699999570846558;899;2021-04-23 12:30:00-04:00
1.2100000381469729;1.250100016593933;1.2000000476837158;1.25;4257;2021-04-23 13:30:00-04:00
1.270900011062622;1.2999999523162842;1.270900011062622;1.2893999814987185;3749;2021-04-23 14:30:00-04:00
1.2999999523162842;1.350000023841858;1.2999999523162842;1.350000023841858;1351;2021-04-23 15:30:00-04:00
1.2999000549316406;1.340000033378601;1.25;1.340000033378601;16474;2021-04-26 09:30:00-04:00
1.26010000705719;1.3200000524520874;1.2549999952316284;1.2999999523162842;9450;2021-04-26 10:30:00-04:00
1.309999942779541;1.3300000429153442;1.2799999713897705;1.3300000429153442;5900;2021-04-26 11:30:00-04:00
1.3300000429153442;1.3300000429153442;1.2799999713897705;1.2899999618530271;8400;2021-04-26 12:30:00-04:00
1.2899999618530271;1.3200000524520874;1.25;1.3200000524520874;5935;2021-04-26 13:30:00-04:00
1.3200000524520874;1.4299999475479126;1.3200000524520874;1.4299999475479126;16701;2021-04-26 14:30:00-04:00
1.4299999475479126;1.4299999475479126;1.4199999570846558;1.4199999570846558;850;2021-04-26 15:30:00-04:00
1.7000000476837158;1.7000000476837158;1.3700000047683716;1.5017999410629272;12790;2021-04-27 09:30:00-04:00
1.5;1.5011999607086182;1.4500000476837158;1.4500000476837158;2100;2021-04-27 10:30:00-04:00
1.4800000190734863;1.4800000190734863;1.4800000190734863;1.4800000190734863;4300;2021-04-27 11:30:00-04:00
1.4800000190734863;1.5399999618530271;1.4199999570846558;1.5299999713897705;3072;2021-04-27 12:30:00-04:00
1.5299999713897705;1.5299999713897705;1.4800000190734863;1.5299999713897705;1400;2021-04-27 13:30:00-04:00
1.4800000190734863;1.5299999713897705;1.4800000190734863;1.4800000190734863;1331;2021-04-27 14:30:00-04:00
1.4800000190734863;1.4800000190734863;1.3700000047683716;1.3700000047683716;5084;2021-04-27 15:30:00-04:00
1.399999976158142;1.6749999523162842;1.2899999618530271;1.5700000524520874;0;2021-04-28 09:30:00-04:00
1.5499999523162842;1.5499999523162842;1.4550000429153442;1.5199999809265137;2487;2021-04-28 10:30:00-04:00
1.5199999809265137;1.5800000429153442;1.5199999809265137;1.5299999713897705;8786;2021-04-28 11:30:00-04:00
1.5800000429153442;1.590000033378601;1.5499999523162842;1.5800000429153442;1800;2021-04-28 12:30:00-04:00
1.5800000429153442;1.5800000429153442;1.5;1.5700000524520874;1757;2021-04-28 13:30:00-04:00
1.5499999523162842;1.5499999523162842;1.5399999618530271;1.5499999523162842;1819;2021-04-28 14:30:00-04:00
1.5499999523162842;1.5499999523162842;1.4199999570846558;1.5499999523162842;5911;2021-04-28 15:30:00-04:00
1.3300000429153442;1.6200000047683716;1.310099959373474;1.310099959373474;986;2021-04-29 09:30:00-04:00
1.6299999952316284;1.6299999952316284;1.6299999952316284;1.6299999952316284;1412;2021-04-29 10:30:00-04:00
1.4299999475479126;1.4299999475479126;1.4199999570846558;1.4199999570846558;1004;2021-04-29 13:30:00-04:00
1.5;1.5499999523162842;1.5;1.5499999523162842;451;2021-04-29 14:30:00-04:00
1.4199999570846558;1.600000023841858;1.3799999952316284;1.600000023841858;1426;2021-04-29 15:30:00-04:00
1.3799999952316284;1.5800000429153442;1.3799999952316284;1.4800000190734863;0;2021-04-30 09:30:00-04:00
1.3799999952316284;1.559999942779541;1.3799999952316284;1.559999942779541;7645;2021-04-30 10:30:00-04:00
1.5;1.5;1.5;1.5;200;2021-04-30 11:30:00-04:00
1.5;1.5420000553131104;1.5;1.5;5000;2021-04-30 12:30:00-04:00
1.5;1.5;1.5;1.5;152;2021-04-30 14:30:00-04:00
1.5;1.5;1.5;1.5;1190;2021-04-30 15:30:00-04:00
1.5199999809265137;1.5399999618530271;1.5199999809265137;1.5399999618530271;0;2021-05-03 09:30:00-04:00
1.5398999452590942;1.5399999618530271;1.5;1.5399999618530271;4950;2021-05-03 10:30:00-04:00
1.5399999618530271;1.5399999618530271;1.5399999618530271;1.5399999618530271;1000;2021-05-03 11:30:00-04:00
1.5399999618530271;1.5499999523162842;1.5399999618530271;1.5499999523162842;3730;2021-05-03 12:30:00-04:00
1.590000033378601;1.600000023841858;1.5499999523162842;1.600000023841858;4646;2021-05-03 13:30:00-04:00
1.600000023841858;1.6200000047683716;1.570099949836731;1.600000023841858;4310;2021-05-03 14:30:00-04:00
1.600000023841858;1.600000023841858;1.590000033378601;1.590000033378601;5866;2021-05-03 15:30:00-04:00
1.649999976158142;1.6800999641418457;1.4601000547409058;1.5099999904632568;0;2021-05-04 09:30:00-04:00
1.600000023841858;1.600000023841858;1.5399999618530271;1.590000033378601;1700;2021-05-04 10:30:00-04:00
1.590000033378601;1.590000033378601;1.5800000429153442;1.5800000429153442;900;2021-05-04 11:30:00-04:00
1.5800000429153442;1.5800000429153442;1.5800000429153442;1.5800000429153442;1000;2021-05-04 12:30:00-04:00
1.590000033378601;1.6008000373840332;1.5099999904632568;1.6008000373840332;6270;2021-05-04 13:30:00-04:00
1.5500999689102173;1.559999942779541;1.5500999689102173;1.559999942779541;21926;2021-05-04 14:30:00-04:00
1.5700000524520874;1.600000023841858;1.5549999475479126;1.600000023841858;7770;2021-05-04 15:30:00-04:00
1.600000023841858;1.600000023841858;1.5800000429153442;1.600000023841858;0;2021-05-05 09:30:00-04:00
1.600000023841858;1.600000023841858;1.559999942779541;1.600000023841858;93901;2021-05-05 10:30:00-04:00
1.590000033378601;1.649999976158142;1.590000033378601;1.600000023841858;6800;2021-05-05 11:30:00-04:00
1.600000023841858;1.600000023841858;1.534999966621399;1.534999966621399;9377;2021-05-05 12:30:00-04:00
1.600000023841858;1.600000023841858;1.5499999523162842;1.559999942779541;5150;2021-05-05 13:30:00-04:00
1.5199999809265137;1.6399999856948853;1.5099999904632568;1.6399999856948853;7498;2021-05-05 14:30:00-04:00
1.600000023841858;1.600000023841858;1.5800000429153442;1.600000023841858;56200;2021-05-05 15:30:00-04:00
1.625;1.625;1.600000023841858;1.600000023841858;0;2021-05-06 09:30:00-04:00
1.600000023841858;1.600000023841858;1.5;1.600000023841858;2020;2021-05-06 10:30:00-04:00
1.5499999523162842;1.600000023841858;1.5499999523162842;1.600000023841858;2300;2021-05-06 11:30:00-04:00
1.600000023841858;1.600000023841858;1.600000023841858;1.600000023841858;4458;2021-05-06 12:30:00-04:00
1.600000023841858;1.600000023841858;1.5499999523162842;1.5850000381469729;18770;2021-05-06 13:30:00-04:00
1.5800000429153442;1.600000023841858;1.5800000429153442;1.600000023841858;1500;2021-05-06 14:30:00-04:00
1.6198999881744385;1.6200000047683716;1.590000033378601;1.600000023841858;2830;2021-05-06 15:30:00-04:00
1.5499999523162842;1.5499999523162842;1.5499999523162842;1.5499999523162842;0;2021-05-07 09:30:00-04:00
1.590000033378601;1.600000023841858;1.590000033378601;1.600000023841858;3300;2021-05-07 10:30:00-04:00
1.600000023841858;1.649999976158142;1.600000023841858;1.649999976158142;2259;2021-05-07 11:30:00-04:00
1.690000057220459;1.690000057220459;1.600000023841858;1.600000023841858;2753;2021-05-07 12:30:00-04:00
1.600000023841858;1.600000023841858;1.54830002784729;1.590000033378601;5124;2021-05-07 13:30:00-04:00
1.590000033378601;1.600000023841858;1.5199999809265137;1.600000023841858;4886;2021-05-07 14:30:00-04:00
1.5499999523162842;1.600000023841858;1.5499999523162842;1.600000023841858;2400;2021-05-07 15:30:00-04:00
1.600000023841858;1.600000023841858;1.5;1.590000033378601;0;2021-05-10 09:30:00-04:00
1.590000033378601;1.600000023841858;1.5499999523162842;1.600000023841858;2100;2021-05-10 10:30:00-04:00
1.600000023841858;1.600000023841858;1.5499999523162842;1.590000033378601;1725;2021-05-10 11:30:00-04:00
1.600000023841858;1.600000023841858;1.5499999523162842;1.590000033378601;1884;2021-05-10 12:30:00-04:00
1.5499999523162842;1.5499999523162842;1.5499999523162842;1.5499999523162842;4200;2021-05-10 13:30:00-04:00
1.5499999523162842;1.5499999523162842;1.5199999809265137;1.5499999523162842;6600;2021-05-10 14:30:00-04:00
1.534999966621399;1.534999966621399;1.534999966621399;1.534999966621399;0;2021-05-10 15:30:00-04:00
1.350000023841858;1.5;1.350000023841858;1.4900000095367432;127615;2021-05-11 09:30:00-04:00
1.4900000095367432;1.5;1.4700000286102295;1.4900000095367432;3840;2021-05-11 10:30:00-04:00
1.5199999809265137;1.5199999809265137;1.5199999809265137;1.5199999809265137;1400;2021-05-11 11:30:00-04:00
1.5199999809265137;1.5199999809265137;1.4950000047683716;1.5199999809265137;706;2021-05-11 12:30:00-04:00
1.5399999618530271;1.5499999523162842;1.5399999618530271;1.5499999523162842;1175;2021-05-11 13:30:00-04:00
1.5;1.5499999523162842;1.5;1.5499999523162842;0;2021-05-12 09:30:00-04:00
1.5399999618530271;1.5499999523162842;1.527500033378601;1.5499999523162842;3193;2021-05-12 10:30:00-04:00
1.5399999618530271;1.5499999523162842;1.5190999507904053;1.5499999523162842;2650;2021-05-12 11:30:00-04:00
1.5399999618530271;1.5499999523162842;1.5;1.5399999618530271;1710;2021-05-12 12:30:00-04:00
1.5499999523162842;1.5499999523162842;1.5;1.5299999713897705;7561;2021-05-12 13:30:00-04:00
1.5499999523162842;1.5499999523162842;1.5299999713897705;1.5399999618530271;1600;2021-05-12 14:30:00-04:00
1.5399999618530271;1.5499999523162842;1.5;1.5399999618530271;9490;2021-05-12 15:30:00-04:00
1.590000033378601;1.590000033378601;1.590000033378601;1.590000033378601;0;2021-05-14 15:30:00-04:00
1.5800000429153442;1.5800000429153442;1.5800000429153442;1.5800000429153442;1529;2021-05-17 09:30:00-04:00
1.6399999856948853;1.660099983215332;1.6399999856948853;1.659999966621399;22650;2021-05-17 10:30:00-04:00
1.600000023841858;1.600000023841858;1.5403000116348269;1.5499999523162842;9734;2021-05-17 13:30:00-04:00
1.5400999784469604;1.5400999784469604;1.5400999784469604;1.5400999784469604;956;2021-05-17 15:30:00-04:00
1.590000033378601;1.600000023841858;1.590000033378601;1.600000023841858;12805;2021-05-18 09:30:00-04:00
1.600000023841858;1.600000023841858;1.600000023841858;1.600000023841858;2200;2021-05-18 10:30:00-04:00
1.600000023841858;1.600000023841858;1.600000023841858;1.600000023841858;2115;2021-05-18 11:30:00-04:00
1.600000023841858;1.600000023841858;1.51010000705719;1.600000023841858;11400;2021-05-18 12:30:00-04:00
1.600000023841858;1.600000023841858;1.5640000104904177;1.600000023841858;2270;2021-05-18 13:30:00-04:00
1.600000023841858;1.600000023841858;1.600000023841858;1.600000023841858;49395;2021-05-18 14:30:00-04:00
1.625;1.625;1.600000023841858;1.6181999444961548;0;2021-05-19 09:30:00-04:00
1.600000023841858;1.621000051498413;1.5850000381469729;1.600100040435791;10400;2021-05-19 10:30:00-04:00
1.6399999856948853;1.649999976158142;1.5901000499725342;1.5901000499725342;2295;2021-05-19 11:30:00-04:00
1.6399999856948853;1.6399999856948853;1.6399999856948853;1.6399999856948853;1000;2021-05-19 12:30:00-04:00
1.6399999856948853;1.6399999856948853;1.6050000190734863;1.6050000190734863;21150;2021-05-19 13:30:00-04:00
1.6200000047683716;1.6200000047683716;1.590000033378601;1.6200000047683716;4700;2021-05-19 14:30:00-04:00
1.6200000047683716;1.649999976158142;1.6200000047683716;1.6200000047683716;32536;2021-05-19 15:30:00-04:00
1.5099999904632568;1.5099999904632568;1.500100016593933;1.500100016593933;321;2021-05-20 09:30:00-04:00
1.600000023841858;1.600000023841858;1.600000023841858;1.600000023841858;1000;2021-05-20 10:30:00-04:00
1.5300999879837036;1.5300999879837036;1.5300999879837036;1.5300999879837036;500;2021-05-20 12:30:00-04:00
1.5640000104904177;1.5640000104904177;1.5640000104904177;1.5640000104904177;125;2021-05-20 14:30:00-04:00
1.590000033378601;1.600000023841858;1.5800000429153442;1.600000023841858;1520;2021-05-20 15:30:00-04:00
1.649999976158142;1.649999976158142;1.6366000175476074;1.6366000175476074;0;2021-05-21 09:30:00-04:00
1.6200000047683716;1.6200000047683716;1.5700000524520874;1.5700000524520874;1500;2021-05-21 11:30:00-04:00
1.600000023841858;1.600000023841858;1.600000023841858;1.600000023841858;102;2021-05-21 12:30:00-04:00
1.600000023841858;1.600000023841858;1.600000023841858;1.600000023841858;200;2021-05-21 13:30:00-04:00
1.6100000143051147;1.6200000047683716;1.6100000143051147;1.6200000047683716;5600;2021-05-21 14:30:00-04:00
1.5499999523162842;1.5499999523162842;1.5499999523162842;1.5499999523162842;1128;2021-05-21 15:30:00-04:00
1.500100016593933;1.7000000476837158;1.500100016593933;1.7000000476837158;4087;2021-05-24 15:30:00-04:00
1.7000000476837158;1.7000000476837158;1.7000000476837158;1.7000000476837158;501;2021-05-25 09:30:00-04:00
1.600000023841858;1.600000023841858;1.5499999523162842;1.5499999523162842;1200;2021-05-25 10:30:00-04:00
1.5449999570846558;1.7000000476837158;1.5;1.5;3075;2021-05-25 11:30:00-04:00
1.5;1.6200000047683716;1.5;1.6200000047683716;1531;2021-05-25 12:30:00-04:00
1.6100000143051147;1.6549999713897705;1.6100000143051147;1.6549999713897705;825;2021-05-25 13:30:00-04:00
1.6950000524520874;1.6950000524520874;1.6950000524520874;1.6950000524520874;1157;2021-05-26 13:30:00-04:00
1.6399999856948853;1.6399999856948853;1.6399999856948853;1.6399999856948853;0;2021-05-27 09:30:00-04:00
1.6050000190734863;1.6050000190734863;1.5099999904632568;1.5099999904632568;4000;2021-05-27 10:30:00-04:00
1.600000023841858;1.659999966621399;1.600000023841858;1.659999966621399;450;2021-05-27 13:30:00-04:00
1.6699999570846558;1.690000057220459;1.6699999570846558;1.690000057220459;8471;2021-05-27 15:30:00-04:00
1.5199999809265137;1.7400000095367432;1.5;1.649999976158142;0;2021-05-28 09:30:00-04:00
1.6301000118255615;1.659999966621399;1.6299999952316284;1.6299999952316284;1301;2021-05-28 10:30:00-04:00
1.649899959564209;1.649899959564209;1.649899959564209;1.649899959564209;169;2021-05-28 13:30:00-04:00
1.649999976158142;1.649999976158142;1.6399999856948853;1.649999976158142;20170;2021-05-28 14:30:00-04:00
1.7000000476837158;1.7000000476837158;1.6624000072479248;1.7000000476837158;6006;2021-05-28 15:30:00-04:00
1.74590003490448;1.75;1.6299999952316284;1.7400000095367432;0;2021-06-01 09:30:00-04:00
1.7000000476837158;1.7000000476837158;1.6299999952316284;1.660099983215332;4255;2021-06-01 10:30:00-04:00
1.6399999856948853;1.7000000476837158;1.6399999856948853;1.6649999618530271;1030;2021-06-01 11:30:00-04:00
1.6649999618530271;1.690000057220459;1.6200000047683716;1.6200000047683716;1880;2021-06-01 12:30:00-04:00
1.6649999618530271;1.690000057220459;1.6200000047683716;1.6299999952316284;4405;2021-06-01 13:30:00-04:00
1.7000000476837158;1.7000000476837158;1.6200000047683716;1.7000000476837158;2177;2021-06-01 14:30:00-04:00
1.7000000476837158;1.7000000476837158;1.659999966621399;1.659999966621399;6085;2021-06-01 15:30:00-04:00
1.7699999809265137;1.7699999809265137;1.6200000047683716;1.6200000047683716;24396;2021-06-02 09:30:00-04:00
1.659999966621399;1.75;1.6200000047683716;1.6799999475479126;10175;2021-06-02 10:30:00-04:00
1.7000000476837158;1.7400000095367432;1.5499999523162842;1.6100000143051147;56104;2021-06-02 11:30:00-04:00
1.6200000047683716;1.6700999736785889;1.5700000524520874;1.6699999570846558;59078;2021-06-02 12:30:00-04:00
1.659999966621399;1.659999966621399;1.649999976158142;1.649999976158142;585;2021-06-02 13:30:00-04:00
1.649999976158142;1.649999976158142;1.6399999856948853;1.6399999856948853;15490;2021-06-02 14:30:00-04:00
1.649999976158142;1.649999976158142;1.6349999904632568;1.649999976158142;0;2021-06-02 15:30:00-04:00
1.620100021362305;1.620100021362305;1.620100021362305;1.620100021362305;206;2021-06-03 09:30:00-04:00
1.649999976158142;1.7000000476837158;1.649999976158142;1.7000000476837158;14304;2021-06-03 10:30:00-04:00
1.690000057220459;1.690000057220459;1.649999976158142;1.649999976158142;15779;2021-06-03 11:30:00-04:00
1.690000057220459;1.7000000476837158;1.690000057220459;1.7000000476837158;741;2021-06-03 12:30:00-04:00
1.6799999475479126;1.6799999475479126;1.6799999475479126;1.6799999475479126;1300;2021-06-03 13:30:00-04:00
1.6799999475479126;1.6799999475479126;1.6799999475479126;1.6799999475479126;1400;2021-06-03 14:30:00-04:00
1.6799999475479126;1.6799999475479126;1.6349999904632568;1.649999976158142;0;2021-06-03 15:30:00-04:00
1.690000057220459;1.690000057220459;1.690000057220459;1.690000057220459;19659;2021-06-04 09:30:00-04:00
1.690000057220459;1.7000000476837158;1.6305999755859375;1.6305999755859375;8565;2021-06-04 10:30:00-04:00
1.690000057220459;1.690000057220459;1.6305999755859375;1.690000057220459;16531;2021-06-04 11:30:00-04:00
1.690000057220459;1.690000057220459;1.6799999475479126;1.690000057220459;1300;2021-06-04 12:30:00-04:00
1.690000057220459;1.690000057220459;1.649999976158142;1.649999976158142;1412;2021-06-04 13:30:00-04:00
1.690000057220459;1.690000057220459;1.690000057220459;1.690000057220459;990;2021-06-04 14:30:00-04:00
1.690000057220459;1.690000057220459;1.6480000019073486;1.690000057220459;11156;2021-06-04 15:30:00-04:00
1.7544000148773191;1.7544000148773191;1.7544000148773191;1.7544000148773191;0;2021-06-08 15:30:00-04:00
1.690000057220459;1.75;1.6299999952316284;1.75;12986;2021-06-09 09:30:00-04:00
1.75;1.7599999904632568;1.7400000095367432;1.7549999952316284;22300;2021-06-09 10:30:00-04:00
1.75;1.7599999904632568;1.7400000095367432;1.7599999904632568;96787;2021-06-09 11:30:00-04:00
1.7599999904632568;1.7899999618530271;1.7599999904632568;1.7899999618530271;900;2021-06-09 12:30:00-04:00
1.7899999618530271;1.7899999618530271;1.7300000190734863;1.7699999809265137;11567;2021-06-09 13:30:00-04:00
1.7699999809265137;1.7899999618530271;1.7599999904632568;1.7899999618530271;0;2021-06-09 14:30:00-04:00
1.7899999618530271;1.7899999618530271;1.7649999856948853;1.7799999713897705;153005;2021-06-09 15:30:00-04:00
1.7899999618530271;1.7999999523162842;1.75;1.75;0;2021-06-10 09:30:00-04:00
1.7799999713897705;1.7799999713897705;1.7799999713897705;1.7799999713897705;600;2021-06-10 10:30:00-04:00
1.7799999713897705;1.7799999713897705;1.7799999713897705;1.7799999713897705;1815;2021-06-10 11:30:00-04:00
1.787500023841858;1.7949999570846558;1.7799999713897705;1.7949999570846558;1600;2021-06-10 13:30:00-04:00
1.7649999856948853;1.7799999713897705;1.7400000095367432;1.7799999713897705;25981;2021-06-10 14:30:00-04:00
1.7999999523162842;1.7999999523162842;1.7999999523162842;1.7999999523162842;0;2021-06-10 15:30:00-04:00
1.860100030899048;1.899999976158142;1.8600000143051147;1.8600000143051147;3382;2021-06-11 09:30:00-04:00
1.7999999523162842;1.7999999523162842;1.7999999523162842;1.7999999523162842;300;2021-06-11 11:30:00-04:00
1.8005000352859497;1.870000004768372;1.8005000352859497;1.870000004768372;1402;2021-06-11 12:30:00-04:00
1.830000042915344;1.830000042915344;1.784999966621399;1.8200000524520876;0;2021-06-14 09:30:00-04:00
1.809999942779541;1.809999942779541;1.809999942779541;1.809999942779541;477;2021-06-14 12:30:00-04:00
1.8200000524520876;1.8200000524520876;1.8200000524520876;1.8200000524520876;1242;2021-06-14 13:30:00-04:00
1.8200000524520876;1.8200000524520876;1.8200000524520876;1.8200000524520876;297;2021-06-14 15:30:00-04:00
1.75;1.7699999809265137;1.7101000547409058;1.7599999904632568;21383;2021-06-15 09:30:00-04:00
1.7599999904632568;1.7599999904632568;1.7599999904632568;1.7599999904632568;19600;2021-06-15 10:30:00-04:00
1.7599999904632568;1.7753000259399414;1.7599999904632568;1.7599999904632568;17304;2021-06-15 11:30:00-04:00
1.7599999904632568;1.774999976158142;1.750100016593933;1.7599999904632568;12876;2021-06-15 12:30:00-04:00
1.7599999904632568;1.7599999904632568;1.7599999904632568;1.7599999904632568;11400;2021-06-15 13:30:00-04:00
1.7599999904632568;1.7899999618530271;1.7599999904632568;1.7899999618530271;13889;2021-06-15 14:30:00-04:00
1.7599999904632568;1.7899999618530271;1.7599999904632568;1.7599999904632568;0;2021-06-15 15:30:00-04:00
1.7200000286102295;1.7400000095367432;1.6950000524520874;1.7300000190734863;13901;2021-06-16 09:30:00-04:00
1.659999966621399;1.809999942779541;1.6100000143051147;1.75;24225;2021-06-16 10:30:00-04:00
1.7200000286102295;1.774399995803833;1.7200000286102295;1.7200000286102295;12906;2021-06-16 11:30:00-04:00
1.7200000286102295;1.75;1.690000057220459;1.7200000286102295;16688;2021-06-16 12:30:00-04:00
1.7200000286102295;1.75;1.690000057220459;1.7200000286102295;15109;2021-06-16 13:30:00-04:00
1.7200000286102295;1.7200000286102295;1.7000000476837158;1.7200000286102295;17775;2021-06-16 14:30:00-04:00
1.7200000286102295;1.7200000286102295;1.7000000476837158;1.7200000286102295;4971;2021-06-16 15:30:00-04:00
1.7100000381469729;1.7100000381469729;1.7100000381469729;1.7100000381469729;53;2021-06-17 11:30:00-04:00
1.7300000190734863;1.7300000190734863;1.7300000190734863;1.7300000190734863;606;2021-06-17 15:30:00-04:00
1.830000042915344;1.830000042915344;1.809999942779541;1.8200000524520876;1439;2021-06-18 09:30:00-04:00
1.7100000381469729;1.830000042915344;1.7100000381469729;1.7300000190734863;938;2021-06-18 10:30:00-04:00
1.7174999713897705;1.7174999713897705;1.7174999713897705;1.7174999713897705;1886;2021-06-21 09:30:00-04:00
1.774999976158142;1.774999976158142;1.774999976158142;1.774999976158142;887;2021-06-21 15:30:00-04:00
1.7549999952316284;1.7699999809265137;1.6401000022888184;1.6401000022888184;8025;2021-06-22 09:30:00-04:00
1.649999976158142;1.649999976158142;1.649999976158142;1.649999976158142;2500;2021-06-22 12:30:00-04:00
1.6500999927520752;1.6500999927520752;1.6500999927520752;1.6500999927520752;295;2021-06-22 13:30:00-04:00
1.5400999784469604;1.5400999784469604;1.5400999784469604;1.5400999784469604;887;2021-06-23 09:30:00-04:00
1.6301000118255615;1.6301000118255615;1.6301000118255615;1.6301000118255615;100;2021-06-23 10:30:00-04:00
1.75;1.75;1.7400000095367432;1.7400000095367432;2040;2021-06-23 14:30:00-04:00
1.7300000190734863;1.7301000356674194;1.7200000286102295;1.72160005569458;6756;2021-06-23 15:30:00-04:00
1.7200000286102295;1.7200000286102295;1.7200000286102295;1.7200000286102295;25;2021-06-24 11:30:00-04:00
1.625;1.625;1.604599952697754;1.604599952697754;670;2021-06-24 14:30:00-04:00
1.649999976158142;1.649999976158142;1.649999976158142;1.649999976158142;2000;2021-06-24 15:30:00-04:00
1.75;1.7899999618530271;1.749899983406067;1.7899999618530271;11100;2021-06-25 09:30:00-04:00
1.75;1.75;1.75;1.75;20405;2021-06-25 10:30:00-04:00
1.7350000143051147;1.7350000143051147;1.7000999450683594;1.7000999450683594;1726;2021-06-25 13:30:00-04:00
1.75;1.75;1.7000000476837158;1.7350000143051147;51075;2021-06-25 14:30:00-04:00
1.7599999904632568;1.7599999904632568;1.7350000143051147;1.7350000143051147;1744;2021-06-25 15:30:00-04:00
1.7000000476837158;1.7400000095367432;1.7000000476837158;1.7400000095367432;0;2021-06-28 09:30:00-04:00
1.6299999952316284;1.75;1.6299999952316284;1.75;22191;2021-06-28 10:30:00-04:00
1.7300000190734863;1.75;1.7300000190734863;1.75;4645;2021-06-28 12:30:00-04:00
1.7300000190734863;1.75;1.7300000190734863;1.7300000190734863;6655;2021-06-28 13:30:00-04:00
1.7300000190734863;1.7300000190734863;1.7300000190734863;1.7300000190734863;5050;2021-06-28 14:30:00-04:00
1.7300000190734863;1.75;1.7100000381469729;1.7100000381469729;0;2021-06-28 15:30:00-04:00
1.758999943733215;1.7799999713897705;1.6699999570846558;1.6699999570846558;4450;2021-06-29 09:30:00-04:00
1.6699999570846558;1.75;1.6699999570846558;1.75;20503;2021-06-29 10:30:00-04:00
1.7100000381469729;1.75;1.7000000476837158;1.7107000350952148;53371;2021-06-29 12:30:00-04:00
1.75;1.75;1.75;1.75;800;2021-06-29 13:30:00-04:00
1.7450000047683716;1.75;1.7450000047683716;1.75;5100;2021-06-29 14:30:00-04:00
1.75;1.75;1.7450000047683716;1.75;10877;2021-06-29 15:30:00-04:00
1.7698999643325806;1.7799999713897705;1.7400000095367432;1.7400000095367432;2477;2021-06-30 10:30:00-04:00
1.7400000095367432;1.75;1.7101000547409058;1.75;2101;2021-06-30 11:30:00-04:00
1.75;1.7799999713897705;1.75;1.7699999809265137;2745;2021-06-30 12:30:00-04:00
1.7549999952316284;1.7899999618530271;1.75;1.7799999713897705;5940;2021-06-30 13:30:00-04:00
1.75;1.7899999618530271;1.75;1.7899999618530271;2200;2021-06-30 14:30:00-04:00
1.7549999952316284;1.7899999618530271;1.659999966621399;1.7300000190734863;0;2021-06-30 15:30:00-04:00
1.7857999801635742;1.7899999618530271;1.7857999801635742;1.7857999801635742;1511;2021-07-01 09:30:00-04:00
1.7599999904632568;1.7899999618530271;1.7599999904632568;1.7899999618530271;17008;2021-07-01 11:30:00-04:00
1.7699999809265137;1.7821999788284302;1.7699999809265137;1.7821999788284302;2531;2021-07-01 12:30:00-04:00
1.7999999523162842;1.7999999523162842;1.7999999523162842;1.7999999523162842;2966;2021-07-01 15:30:00-04:00
1.8200000524520876;1.8200000524520876;1.8200000524520876;1.8200000524520876;0;2021-07-07 14:30:00-04:00
1.8200000524520876;1.8200000524520876;1.8200000524520876;1.8200000524520876;100;2021-07-07 15:30:00-04:00
1.75;1.899999976158142;1.75;1.8507000207901;119466;2021-07-08 09:30:00-04:00
1.840000033378601;1.850000023841858;1.840000033378601;1.850000023841858;15000;2021-07-08 11:30:00-04:00
1.850000023841858;1.850000023841858;1.7899999618530271;1.7899999618530271;19060;2021-07-08 12:30:00-04:00
1.809999942779541;1.809999942779541;1.809999942779541;1.809999942779541;0;2021-07-08 15:30:00-04:00
1.8600000143051147;1.8600000143051147;1.8600000143051147;1.8600000143051147;3250;2021-07-09 09:30:00-04:00
1.8600000143051147;1.8600000143051147;1.7999999523162842;1.8550000190734863;4050;2021-07-09 10:30:00-04:00
1.8600000143051147;1.8600000143051147;1.8600000143051147;1.8600000143051147;2800;2021-07-09 11:30:00-04:00
1.8600000143051147;1.8600000143051147;1.850000023841858;1.850000023841858;51500;2021-07-09 12:30:00-04:00
1.8600000143051147;1.8600000143051147;1.850000023841858;1.8600000143051147;8662;2021-07-09 13:30:00-04:00
1.8600000143051147;1.8600000143051147;1.809999942779541;1.809999942779541;7500;2021-07-09 14:30:00-04:00
1.919999957084656;1.924999952316284;1.850000023841858;1.8667000532150269;6355;2021-07-12 09:30:00-04:00
1.850000023841858;1.8633999824523928;1.850000023841858;1.850000023841858;3500;2021-07-12 10:30:00-04:00
1.875;1.875;1.8600000143051147;1.8739999532699585;3100;2021-07-12 11:30:00-04:00
1.850000023841858;1.850000023841858;1.850000023841858;1.850000023841858;152;2021-07-12 12:30:00-04:00
1.8899999856948853;1.9067000150680544;1.875;1.875;15745;2021-07-12 13:30:00-04:00
1.8899999856948853;1.8899999856948853;1.8899999856948853;1.8899999856948853;2000;2021-07-12 14:30:00-04:00
1.850000023841858;1.899999976158142;1.850000023841858;1.8799999952316284;1391;2021-07-12 15:30:00-04:00
1.9299999475479128;1.9299999475479128;1.7400000095367432;1.75;0;2021-07-13 09:30:00-04:00
1.7699999809265137;1.8600000143051147;1.7699999809265137;1.8049999475479128;1028;2021-07-13 10:30:00-04:00
1.809999942779541;1.809999942779541;1.809999942779541;1.809999942779541;700;2021-07-13 11:30:00-04:00
1.7949999570846558;1.7999999523162842;1.7799999713897705;1.7799999713897705;2262;2021-07-13 12:30:00-04:00
1.7949999570846558;1.7949999570846558;1.7300000190734863;1.7949999570846558;5725;2021-07-13 13:30:00-04:00
1.7949999570846558;1.7949999570846558;1.7400000095367432;1.7400000095367432;2802;2021-07-13 14:30:00-04:00
1.7599999904632568;1.7899999618530271;1.7549999952316284;1.7799999713897705;0;2021-07-13 15:30:00-04:00
1.7799999713897705;1.7999999523162842;1.7799999713897705;1.7949999570846558;1766;2021-07-14 09:30:00-04:00
1.7900999784469604;1.840000033378601;1.7799999713897705;1.7899999618530271;51021;2021-07-14 10:30:00-04:00
1.7999999523162842;1.7999999523162842;1.774999976158142;1.774999976158142;6192;2021-07-14 11:30:00-04:00
1.7999999523162842;1.7999999523162842;1.7599999904632568;1.7599999904632568;4905;2021-07-14 12:30:00-04:00
1.7549999952316284;1.812999963760376;1.75;1.812999963760376;54120;2021-07-14 13:30:00-04:00
1.809999942779541;1.809999942779541;1.7992000579833984;1.7999999523162842;37580;2021-07-14 14:30:00-04:00
1.7999999523162842;1.7999999523162842;1.7899999618530271;1.7999000549316406;1269;2021-07-14 15:30:00-04:00
1.750100016593933;1.750100016593933;1.750100016593933;1.750100016593933;0;2021-07-15 09:30:00-04:00
1.7599999904632568;1.809999942779541;1.7599999904632568;1.809999942779541;1650;2021-07-15 10:30:00-04:00
1.7599999904632568;1.774999976158142;1.7599999904632568;1.7599999904632568;2000;2021-07-15 11:30:00-04:00
1.7599999904632568;1.7899999618530271;1.7599999904632568;1.7899999618530271;4050;2021-07-15 12:30:00-04:00
1.7899999618530271;1.7899999618530271;1.7799999713897705;1.7899999618530271;1657;2021-07-15 13:30:00-04:00
1.7699999809265137;1.7899999618530271;1.7300000190734863;1.7699999809265137;7000;2021-07-15 14:30:00-04:00
1.7899999618530271;1.7899999618530271;1.7899999618530271;1.7899999618530271;2042;2021-07-15 15:30:00-04:00
1.7649999856948853;1.7649999856948853;1.7649999856948853;1.7649999856948853;0;2021-07-16 09:30:00-04:00
1.7999999523162842;1.7999999523162842;1.7999999523162842;1.7999999523162842;200;2021-07-16 10:30:00-04:00
1.7691999673843384;1.7699999809265137;1.7691999673843384;1.7699999809265137;1150;2021-07-16 11:30:00-04:00
1.75;1.8170000314712524;1.6618000268936155;1.6891000270843506;13359;2021-07-16 13:30:00-04:00
1.73989999294281;1.73989999294281;1.73989999294281;1.73989999294281;200;2021-07-16 14:30:00-04:00
1.649999976158142;1.649999976158142;1.649999976158142;1.649999976158142;200;2021-07-16 15:30:00-04:00
