Date;Open;High;Low;Close;Volume
2017-06-28;7.890136718750001;7.921697235526517;7.890136718750001;7.89013671875;857300
2017-06-29;7.890136718750001;7.905917353369296;7.890136718750001;7.89013671875;154200
2017-06-30;7.905915737152099;7.913805300386798;7.898025421455479;7.9059157371521;41000
2017-07-03;7.905917737737202;7.9138073029683484;7.890137102350687;7.898027420043945;28100
2017-07-05;7.913805300386798;7.921695616083419;7.890135105758859;7.9059157371521;96000
2017-07-06;7.905916781886267;7.921696662902833;7.898026465146975;7.921696662902832;45800
2017-07-07;7.91380710718115;7.929587742177253;7.89802722464714;7.917752265930176;72000
2017-07-10;7.921695141624104;7.961145965282428;7.9059152636379;7.9295854568481445;55200
2017-07-11;7.945369149066768;7.961149787090458;7.93747958251716;7.953259468078613;41400
2017-07-12;7.969035244761746;7.9848151206970215;7.945364302166166;7.9848151206970215;63800
2017-07-13;8.000597953796387;8.000597953796387;7.984817321050709;8.000597953796387;27500
2017-07-14;8.00848921894123;8.284644330958022;8.0053333927065;8.111061096191406;136500
2017-07-17;8.051092689301804;8.078708036475819;8.047936112152078;8.073184967041016;11000
2017-07-18;8.087390904840008;8.087390904840008;8.047940067006897;8.063720703125;9600
2017-07-19;8.03058073825916;8.047938531723199;7.9927078207703435;8.008487701416016;20800
2017-07-20;8.02426702145749;8.166289686338398;8.001385408180441;8.087388038635254;17600
2017-07-21;8.205741315757546;8.26886234492014;8.126840405535313;8.166291236877441;33100
2017-07-24;8.245192335702232;8.245192335702232;8.12210610028106;8.126840591430664;6700
2017-07-25;8.032158651077527;8.047938531723199;7.913806160155978;8.008487701416016;101800
2017-07-26;8.025055089168083;8.025055089168083;7.96903581078027;7.976925373077393;38400
2017-07-27;8.00848665180685;8.032157598365997;7.969036579132079;7.96903657913208;20400
2017-07-28;8.008487701416016;8.008487701416016;7.929586793263652;8.008487701416016;22900
2017-07-31;8.008487701416016;8.008487701416016;7.969037623570835;8.008487701416016;11800
2017-08-01;7.987184566454958;8.01874507948433;7.969037440767016;8.000597953796387;13100
2017-08-02;8.000595749094074;8.000595749094074;7.961144930563219;7.9848151206970215;50300
2017-08-03;8.000595937076627;8.000595937076627;7.965090274810791;7.965090274810791;12800
2017-08-04;7.992707637423548;8.000597953796387;7.968248108144938;8.000597953796387;8100
2017-08-07;7.992709345517827;8.087390904840008;7.992709345517827;8.063720703125;27900
2017-08-08;8.016377450046264;8.047937961563692;7.984816938528835;8.040047645568848;21000
2017-08-09;8.040048415912356;8.040048415912356;8.032158851623535;8.032158851623535;8000
2017-08-10;8.019533659521166;8.04793834698576;8.016377833956872;8.02426815032959;18400
2017-08-11;8.016377833956872;8.063718979731194;8.008487517584156;8.02426815032959;24300
2017-08-14;8.024266982150998;8.043992017749222;7.89802494841386;7.9295854568481445;46600
2017-08-15;7.939052198696371;7.939052198696371;7.811231523868733;7.819121837615967;86000
2017-08-16;7.85857591555912;7.85857591555912;7.684992703383669;7.827015399932861;103200
2017-08-17;7.779673095187575;7.850684432918873;7.708662509918212;7.708662509918213;66600
2017-08-18;7.7689127664533935;7.8402600440875165;7.69756548881927;7.753057479858398;87100
2017-08-21;7.7926955996906235;7.8164777755737305;7.7689134238075175;7.8164777755737305;8700
2017-08-22;7.816473903978756;7.911603316414161;7.8006193799168715;7.808547019958496;71700
2017-08-23;7.753059409014255;7.848188884189795;7.689639758897227;7.768914699554443;59400
2017-08-24;7.797453768913665;7.797453768913665;7.760987054284349;7.768914699554443;7400
2017-08-25;7.768908279707434;7.792690439843435;7.768908279707434;7.776835918426514;16700
2017-08-28;7.8006206707446095;7.8402581214904785;7.776838502705685;7.8402581214904785;42500
2017-08-29;7.816475282141032;7.879894901613135;7.808548396723143;7.864040374755859;25000
2017-08-30;7.871966628248766;7.8798935122690255;7.808547019958496;7.808547019958496;21400
2017-08-31;7.792694978446482;7.84818696975708;7.792694978446482;7.84818696975708;23400
2017-09-01;7.879896640777589;7.887824283966679;7.846601446609409;7.879896640777588;30300
2017-09-05;7.8481847019778375;7.887822151184081;7.820438714339906;7.887822151184082;16600
2017-09-06;7.871968715568372;7.9433159828186035;7.848185789137251;7.9433159828186035;46600
2017-09-07;7.925082254683764;7.9433159828186035;7.88782324383422;7.9433159828186035;20000
2017-09-08;7.892346713242243;7.979951452791205;7.884382507918079;7.971987247467041;20200
2017-09-11;7.9799505702261495;7.995878219604492;7.930573414087443;7.995878219604492;46000
2017-09-12;7.951277586588631;8.003840105474893;7.951277586588631;7.987911701202393;35500
2017-09-13;7.9958766437368;8.003840846610515;7.964020591750127;7.979948997497559;34800
2017-09-14;7.964023270681475;7.99428664417501;7.956059065128766;7.982340335845947;20000
2017-09-15;7.995876781600874;7.995876781600874;7.924200473517977;7.964020729064941;37700
2017-09-18;7.964021749142245;7.987913601727348;7.786424404396091;7.924201488494873;15700
2017-09-19;7.924203472214972;7.932167678239841;7.844563690491758;7.884383201599121;16700
2017-09-20;7.924203472214972;7.924203472214972;7.88438320159912;7.884383201599121;6500
2017-09-21;7.892346941034398;7.892346941034398;7.733066627496012;7.756958484649658;40200
2017-09-22;7.812705659877501;7.844561716452088;7.812705659877501;7.8286333084106445;9800
2017-09-25;7.8286312538195535;7.868451503964207;7.741027311107798;7.812703609466553;45100
2017-09-26;7.844562742342868;7.8525261878967285;7.802353063119615;7.8525261878967285;30400
2017-09-27;7.860489435145065;7.868453639236872;7.804741525519027;7.820669174194336;44700
2017-09-28;7.820669042126538;7.900309562683106;7.820669042126538;7.9003095626831055;18400
2017-09-29;7.866064166182534;7.932165692526008;7.852525171231266;7.924201488494873;30300
2017-10-02;7.932166717369122;7.948094367980957;7.917035031558259;7.948094367980957;21000
2017-10-03;7.908272743225098;7.913847533372122;7.877212655614394;7.908272743225098;23000
2017-10-04;7.900311613648857;7.900311613648857;7.8764197550827415;7.884383201599121;12000
2017-10-05;7.8843801266075735;7.8843801266075735;7.860488277359531;7.8764166831970215;21200
2017-10-06;7.8764166831970215;7.8764166831970215;7.857302899995311;7.8764166831970215;17000
2017-10-09;7.884380134445112;7.916236186643565;7.884380134445112;7.908272743225098;5100
2017-10-10;7.881194840569879;8.003840984611907;7.881194840569879;7.964020729064941;48000
2017-10-11;7.968823751875123;7.968823751875123;7.937620117482359;7.952821731567383;13100
2017-10-12;7.953620234402125;7.992824106548521;7.953620234402125;7.976822853088379;4400
2017-10-13;7.952821604735007;7.960822614761276;7.9208183276482425;7.944821357727051;4200
2017-10-16;7.93682061019243;7.93682061019243;7.824808755175068;7.840810775756836;26000
2017-10-17;7.896820109079205;7.896820109079205;7.863216765363301;7.880818843841553;13800
2017-10-18;7.912818081848244;7.920818328857422;7.880814804756594;7.920818328857422;11700
2017-10-19;7.9208183276482425;7.952821604735007;7.9208183276482425;7.944821357727051;10100
2017-10-20;7.960822878046743;7.960822878046743;7.800806487320754;7.840810775756836;44500
2017-10-23;7.848809556930638;7.872811817968141;7.824806532875013;7.832807540893555;31600
2017-10-24;7.800805758874314;7.840810043574759;7.7287981990171675;7.752800464630127;67900
2017-10-25;7.762397883441677;7.784000446475994;7.688790308796388;7.728794574737549;22700
2017-10-26;7.74479913351567;7.760800387344057;7.72079610824585;7.72079610824585;44400
2017-10-27;7.749597671077622;7.749597671077622;7.42476412153874;7.504772663116455;83900
2017-10-30;7.513576180768419;7.568782080269459;7.328757126933811;7.336758136749268;98900
2017-10-31;7.424765352732076;7.57678145433383;7.352757805975259;7.528776168823242;118400
2017-11-01;7.5767829893232514;7.600785255432129;7.551980317036157;7.600785255432129;19700
2017-11-02;7.592782156267847;7.631986024828112;7.567179847866306;7.624785423278809;20900
2017-11-03;7.640785836530262;7.672789096832275;7.629584733575453;7.672789096832275;12700
2017-11-06;7.672793671616158;7.72079820918218;7.667992760048535;7.69679594039917;34000
2017-11-07;7.697596736312425;7.70239688510466;7.600786486994167;7.648791790008545;41800
2017-11-08;7.640788244629829;7.640788244629829;7.400763335208621;7.5679802894592285;106400
2017-11-09;7.576781319534779;7.59278257240821;7.464769497348304;7.496772766113281;44000
2017-11-10;7.525717471026872;7.525717471026872;7.445314963713131;7.477476119995117;75200
2017-11-13;7.477474603433463;7.477474603433463;7.437272974538955;7.445313453674316;63500
2017-11-14;7.477475874195005;7.477475874195005;7.405113083243639;7.447726249694824;64100
2017-11-15;7.485516789841835;7.5490347492206515;7.204106090179316;7.300589561462402;214700
2017-11-16;7.308629333481316;7.4211929890014705;7.30058885329205;7.3970723152160645;85600
2017-11-17;7.364911161241393;7.412348920862714;7.364911161241393;7.3970723152160645;51800
2017-11-20;7.389033889775836;7.413155337051348;7.276470202953872;7.316671848297119;86800
2017-11-21;7.300589786362039;7.380993064966057;7.276469109493831;7.365716457366943;92100
2017-11-22;7.30863004243161;7.340791199525972;7.2925490804931945;7.300589561462402;39100
2017-11-24;7.300590883446778;7.348833011215196;7.276470202953872;7.316671848297119;27200
2017-11-27;7.324711490646169;7.332751972990883;7.2362684852021015;7.284510612487793;134100
2017-11-28;7.31667039115162;7.364911742529964;7.268428272990821;7.276468753814697;178200
2017-11-29;7.268429963015008;7.28049068705513;7.1799869537353525;7.179986953735352;186100
2017-11-30;7.216969874310775;7.216969874310775;7.1156625818901755;7.153451919555664;368500
2017-12-01;7.1799869537353525;7.196067152339547;7.139785307050914;7.179986953735352;183200
2017-12-04;7.188025951385499;7.25234903972272;7.188025951385499;7.188025951385498;191300
2017-12-05;7.1237036298308345;7.2362680759427755;7.115663914723418;7.188025951385498;207600
2017-12-06;7.179985444645943;7.220186316098327;7.075461491948303;7.147824287414551;156900
2017-12-07;7.188025317150259;7.2041062795113;7.075461647752927;7.167924880981445;211100
2017-12-08;7.120241205915348;7.249553062013243;7.120241205915348;7.225306510925293;113700
2017-12-11;7.168732129315943;7.306126156896334;7.168732129315943;7.2818803787231445;255500
2017-12-12;7.28996232107356;7.400684987021499;7.28188013836281;7.386946201324463;220500
2017-12-13;7.399877055247752;7.475847721099853;7.338453701321594;7.4758477210998535;227900
2017-12-14;7.5162590779868825;7.5162590779868825;7.33037270380679;7.370782852172852;201000
2017-12-15;7.322290305124947;7.419274185693305;7.289962344935495;7.3950276374816895;334500
2017-12-18;7.378864829539247;7.395028425977735;7.273798755030998;7.362700462341309;446200
2017-12-19;7.338455927061035;7.3627017112110895;7.281882173791048;7.322292327880859;775700
2017-12-20;7.330373742091156;7.346538112030913;7.273799988821168;7.322292327880859;370900
2017-12-21;7.29804584001081;7.354620364560071;7.273800055638035;7.306128025054932;394500
2017-12-22;7.281883546943383;7.354621683869433;7.281883546943383;7.346539497375488;181500
2017-12-26;7.330373855866368;7.386948380774034;7.314210256435316;7.378866195678711;187700
2017-12-27;7.363509687770179;7.386947714127577;7.338455378691499;7.37805700302124;239400
2017-12-28;7.366741595353344;7.386947054463805;7.314208943185056;7.338454723358154;135700
2017-12-29;7.492015492618695;7.492015492618695;7.314211250162625;7.354621410369873;368300
2018-01-02;7.378864018613713;7.386946201324464;7.354618241240829;7.386946201324463;90200
2018-01-03;7.3465379111840114;7.41119384765625;7.3465379111840114;7.41119384765625;96600
2018-01-04;7.395029172805361;7.556669778071108;7.395029172805361;7.540505409240723;78100
2018-01-05;7.532421618483405;7.64556986388786;7.532421618483405;7.629405498504639;101100
2018-01-08;7.567983131394964;7.661733678576695;7.50009387389859;7.516258239746094;87000
2018-01-09;7.564751989453516;7.6213265155663;7.508178234100343;7.508178234100342;119200
2018-01-10;7.505751935170373;7.527573676911063;7.435438632965087;7.435438632965088;75000
2018-01-11;7.5215381010094555;7.529660898060685;7.399698469138704;7.456557273864746;148200
2018-01-12;7.462242917323336;7.505292346435796;7.432188723802891;7.489047527313232;109500
2018-01-16;7.440312736535612;7.586520005693813;7.440312736535612;7.56215238571167;70900
2018-01-17;7.570274353027344;7.578397151171919;7.5410335191191376;7.570274353027344;79400
2018-01-18;7.5783976134340705;7.5783976134340705;7.497171176299048;7.5304741859436035;177000
2018-01-19;7.541034856985432;7.554030871542796;7.456559600413361;7.464681625366211;89700
2018-01-22;7.50529257604205;7.545905787039743;7.464679365044358;7.47280216217041;60900
2018-01-23;7.513418142751442;7.554031368719913;7.497172542510913;7.53697395324707;174600
2018-01-24;7.537786065419181;7.554031666299682;7.521541239171565;7.529664039611816;42600
2018-01-25;7.537786065419181;7.554031666299682;7.529664039611816;7.529664039611816;41800
2018-01-26;7.554029531370858;7.594642747461071;7.538596524749231;7.570274353027344;70500
2018-01-29;7.59464489386805;7.59464489386805;7.529664039611816;7.529664039611816;88600
2018-01-30;7.52966340602054;7.545908230901218;7.3534026793897445;7.375333309173584;128100
2018-01-31;7.3997029668561005;7.407825768844564;7.383458137512207;7.383458137512207;74900
2018-02-01;7.464681782599365;7.464681782599365;7.359088484292905;7.375333309173584;94600
2018-02-02;7.4313815847578955;7.4313815847578955;7.383458137512207;7.383458137512207;45200
2018-02-05;7.399700516608764;7.399700516608764;7.180390357971192;7.180390357971191;66700
2018-02-06;7.1072860558827715;7.334718992773863;7.1072860558827715;7.310351371765137;119100
2018-02-07;7.285983828752152;7.383455088463183;7.269738231483957;7.3590874671936035;131900
2018-02-08;7.367207494070894;7.472801523791285;7.328219465535098;7.407820701599121;69700
2018-02-09;7.3719014180342;7.462519527839803;7.340063001455825;7.3882293701171875;91900
2018-02-12;7.347410384530233;7.4796635285411766;7.347410384530233;7.430681228637695;61700
2018-02-13;7.429048903443796;7.445376077915898;7.314755567900477;7.396393775939941;100600
2018-02-14;7.429049491882324;7.434764120184151;7.347411277376478;7.429049491882324;53500
2018-02-15;7.429049745149653;7.437212944030763;7.404557812827105;7.437212944030762;47300
2018-02-16;7.47802937071182;7.543339609695895;7.47802937071182;7.510684490203857;34200
2018-02-20;7.510685597656855;7.522114852236343;7.461703300476074;7.461703300476074;14100
2018-02-21;7.51068731278182;7.592325531471959;7.397210671509575;7.567834377288818;46500
2018-02-22;7.567833407185089;7.56864933770274;7.478031222425527;7.518850326538086;25800
2018-02-23;7.531911359917451;7.58415971377515;7.502521514892577;7.502521514892578;23400
2018-02-26;7.575996764924471;7.607835962656369;7.510686508390959;7.543341636657715;37600
2018-02-27;7.545790391090397;7.567832970750271;7.469866815105949;7.500889301300049;56900
2018-02-28;7.5596698618013765;7.592324991241913;7.494359602920303;7.52701473236084;21500
2018-03-01;7.641307839838238;7.641307839838238;7.53517846696496;7.567834377288818;30200
2018-03-02;7.567832631526341;7.633142879988653;7.558036016401036;7.5923237800598145;31400
2018-03-05;7.580079405768185;7.5923253718822235;7.567834218213885;7.584978103637695;14100
2018-03-06;7.551505676210014;7.608651956512507;7.551505676210014;7.584160804748535;17800
2018-03-07;7.551504413608974;7.6086506843566895;7.551504413608974;7.6086506843566895;13900
2018-03-08;7.608652543286769;7.624980498095068;7.600489344442355;7.616816520690918;28500
2018-03-09;7.593842811432294;7.647990773103568;7.580716198812595;7.63814640045166;28500
2018-03-12;7.5889220883100315;7.68655290222842;7.5889220883100315;7.605330944061279;18500
2018-03-13;7.539694821806074;7.654554442241183;7.506877899169922;7.506877899169922;44000
2018-03-14;7.573332967815259;7.629942417144775;7.498674718492192;7.629942417144775;30100
2018-03-15;7.5479001601901015;7.580717086791992;7.515083233588211;7.580717086791992;31100
2018-03-16;7.597125409181668;7.621737906804859;7.572512129141284;7.609431266784668;28300
2018-03-19;7.638146925044778;7.638146925044778;7.506058469345306;7.523287296295166;7700
2018-03-20;7.564306765936454;7.613531749996763;7.531489849090576;7.531489849090576;38900
2018-03-21;7.539695732935317;7.611893284426375;7.515083233588211;7.580717086791992;33100
2018-03-22;7.605330441618537;7.635685883852159;7.547900232700577;7.55610466003418;38100
2018-03-23;7.547901217045405;7.606972162650257;7.501136914045904;7.564310073852539;38700
2018-03-26;7.572511196136475;7.6701419837997005;7.5561031272150405;7.572511196136475;91300
2018-03-27;7.546257972895342;7.605328898813536;7.53969427587651;7.572511196136475;23500
2018-03-28;7.563489318045239;7.600408463443932;7.546260487848163;7.564310073852539;39700
2018-03-29;7.587281847448639;7.587281847448639;7.564310073852538;7.564310073852539;8500
2018-04-02;7.556102341120731;7.583176317079006;7.531489849090576;7.531489849090576;38000
2018-04-03;7.613535079439225;7.613535079439225;7.552003431247188;7.564310073852539;25500
2018-04-04;7.606150414901545;7.606150414901545;7.547900232700577;7.55610466003418;5100
2018-04-05;7.57250987334885;7.621735636348449;7.54789738305753;7.597123146057129;10100
2018-04-06;7.597126014284935;7.613534086534885;7.55610466003418;7.55610466003418;46100
2018-04-09;7.556105645448972;7.624200992847332;7.556105645448972;7.564310073852539;28100
2018-04-10;7.572512732284129;7.588921586951333;7.55610466003418;7.55610466003418;27300
2018-04-11;7.60227756028338;7.618767991601372;7.573418715718491;7.58578634262085;17100
2018-04-12;7.585783925055464;7.597327459202533;7.56929349899292;7.56929349899292;131000
2018-04-13;7.552802286586087;7.585783925055464;7.552802286586087;7.56929349899292;24400
2018-04-16;7.536315069126042;7.594032764434815;7.536315069126042;7.5940327644348145;56500
2018-04-17;7.569297055445733;7.602278709411622;7.561051445368096;7.602278709411621;33600
2018-04-18;7.618771967959617;7.618771967959617;7.578369564482116;7.598982810974121;15100
2018-04-19;7.584136534448404;7.584961409777585;7.561049461364746;7.561049461364746;7800
2018-04-20;7.618769027041512;7.643505856897202;7.577541763626672;7.627014636993408;34800
2018-04-23;7.602277502727917;7.651749582651886;7.569295853997093;7.63525915145874;24800
2018-04-24;7.6336110174472545;7.6599960247645695;7.602278329792556;7.614645957946777;18200
2018-04-25;7.599802874947236;7.599802874947236;7.519822208139165;7.561049461364746;34500
2018-04-26;7.552802286586087;7.585783925055464;7.5033302220541644;7.56929349899292;56500
2018-04-27;7.569297004478055;7.594033048199748;7.569297004478055;7.577541828155518;17700
2018-04-30;7.635260866933811;7.651751301831994;7.585787989549842;7.618769645690918;13400
2018-05-01;7.709469163823087;7.709469163823087;7.536315286556478;7.627014636993408;24300
2018-05-02;7.608050239883775;7.645154697721352;7.544559987896665;7.630312442779541;32000
2018-05-03;7.617943844850898;7.63525915145874;7.598978787413662;7.63525915145874;12400
2018-05-04;7.626188725011694;7.626188725011694;7.58578634262085;7.58578634262085;14500
2018-05-07;7.58578634262085;7.58578634262085;7.5528046936403275;7.58578634262085;33600
2018-05-08;7.575069324817729;7.618769645690918;7.552806333408766;7.618769645690918;39000
2018-05-09;7.6187687706872085;7.659996032714844;7.594032728008474;7.659996032714844;80100
2018-05-10;7.6649683453470825;7.673254987274163;7.6152492840422665;7.64839506149292;45000
2018-05-11;7.67076738606485;7.681540176584401;7.640107765041739;7.673253536224365;24800
2018-05-14;7.62353539622632;7.731259363019856;7.62353539622632;7.714686870574951;57100
2018-05-15;7.707228621351089;7.764405341813766;7.664968013763427;7.664968013763428;71200
2018-05-16;7.755287593926085;7.75611578361693;7.67325176986418;7.706397533416748;48600
2018-05-17;7.6732544540762655;7.789264271963446;7.6732544540762655;7.714686870574951;25400
2018-05-18;7.731259822845459;7.789264735238959;7.708886838175536;7.731259822845459;22800
2018-05-21;7.768548241141264;7.847269751256955;7.698113372144613;7.780978202819824;42300
2018-05-22;7.739545165772383;7.822409199533617;7.731258525319;7.764404296875;28200
2018-05-23;7.739544719312298;7.780977128931627;7.717170949430316;7.722971439361572;22900
2018-05-24;7.73374676082513;7.764406390460636;7.722973967279463;7.739547252655029;6200
2018-05-25;7.78097569897436;7.78097569897436;7.681538408316657;7.706397533416748;84600
2018-05-29;7.664965131411703;7.722970020064362;7.664965131411703;7.706397533416748;24700
2018-05-30;7.706400560011397;7.710543880864874;7.67325478344123;7.698113918304443;36500
2018-05-31;7.714687201718351;7.73125969487461;7.689827276597489;7.698113918304443;42200
2018-06-01;7.8389824958352765;7.8389824958352765;7.706399409350901;7.74783182144165;20900
2018-06-04;7.788435253382423;7.788435253382423;7.702256089116072;7.74783182144165;73100
2018-06-05;7.733744675506521;7.764404296875;7.705570414068033;7.764404296875;23300
2018-06-06;7.780977577781765;7.785120898008455;7.689826113309619;7.764404296875;41200
2018-06-07;7.789263592997959;7.797550233626899;7.739545329739413;7.756117820739746;43300
2018-06-08;7.761116442036871;7.761116442036871;7.736134529113769;7.7361345291137695;8800
2018-06-11;7.71115222509526;7.769443617012962;7.71115222509526;7.727806568145752;26600
2018-06-12;7.7328007961628975;7.761113407964571;7.7328007961628975;7.752786636352539;16500
2018-06-13;7.74446164428748;7.82773494720459;7.731138011120019;7.82773494720459;48100
2018-06-14;7.814411314037129;7.8443900842844;7.80108768086967;7.82773494720459;8500
2018-06-15;7.8527161935275345;7.886025667336496;7.791926383972168;7.791926383972168;6900
2018-06-18;7.844388484954834;7.844388484954834;7.819406578589126;7.844388484954834;12500
2018-06-19;7.786928935245376;7.831896681767325;7.777769088745117;7.777769088745117;26600
2018-06-20;7.769441592717542;7.802751064300537;7.752787254006268;7.802751064300537;33500
2018-06-21;7.811079503838128;7.811079503838128;7.786097595898583;7.807748794555664;18000
2018-06-22;7.803582546714449;7.830229800880753;7.786927417240297;7.819404602050781;29800
2018-06-25;7.79442288622658;7.79442288622658;7.719477176666261;7.71947717666626;26600
2018-06-26;7.719477176666261;7.727803948288262;7.711149610883875;7.71947717666626;25400
2018-06-27;7.7194801852185995;7.7444620981417005;7.7194801852185995;7.7361345291137695;26200
2018-06-28;7.731133700641245;7.744457326380143;7.669510839628561;7.702820301055908;57500
2018-06-29;7.719475428849684;7.719475428849684;7.669510839628561;7.702820301055908;42400
2018-07-02;7.736133131092882;7.761115039501424;7.661186611706706;7.669514179229736;41300
2018-07-03;7.708649436951689;7.719475428849684;7.661183275731673;7.702820301055908;11300
2018-07-05;7.702822146082955;7.702822146082955;7.6278756413797275;7.644530773162842;40300
2018-07-06;7.644531008469074;7.677840478900207;7.642032579792624;7.652857780456543;13300
2018-07-09;7.627877090798496;7.693663762017767;7.627877090798496;7.680339336395264;25500
2018-07-10;7.6445322799225925;7.744460707836284;7.6445322799225925;7.731969356536865;44000
2018-07-11;7.749543226050068;7.749543226050068;7.682592594136785;7.699329853057861;38200
2018-07-12;7.724437845669812;7.791389290477144;7.674225259707644;7.6951470375061035;104800
2018-07-13;7.699330128324399;7.699330128324399;7.640748522834488;7.682592868804932;64000
2018-07-16;7.6943084120661345;7.6943084120661345;7.64074775041229;7.657485008239746;18000
2018-07-17;7.690962593122693;7.699331623564984;7.640750006698292;7.674225330352783;74400
2018-07-18;7.699331685312117;7.699331685312117;7.657487330879753;7.66585636138916;17500
2018-07-19;7.680918948056126;7.707698881575644;7.672549919538344;7.699329853057861;30200
2018-07-20;7.6658521993907724;7.7411718368530265;7.657483173425134;7.741171836853027;19700
2018-07-23;7.699329343496328;7.757911741129181;7.699329343496328;7.749542713165283;60100
2018-07-24;7.783018820265284;7.791387849082277;7.674223839987939;7.682592868804932;62100
2018-07-25;7.741174556425092;7.750380009352738;7.665018468480228;7.716068267822266;127200
2018-07-26;7.707699775695801;7.737827802986081;7.693472585188065;7.707699775695801;80200
2018-07-27;7.74117720767866;7.74117720767866;7.707701878705182;7.7244391441345215;14800
2018-07-30;7.724437916777184;7.738665108906144;7.674225330352783;7.674225330352783;22800
2018-07-31;7.657485863596308;7.7160682678222665;7.657485863596308;7.716068267822266;28000
2018-08-01;7.749543503111833;7.759586178069321;7.682592868804932;7.682592868804932;42300
2018-08-02;7.699331360077775;7.73280668258667;7.666693259830325;7.73280668258667;23700
2018-08-03;7.724434620968783;7.75791072845459;7.724434620968783;7.75791072845459;28000
2018-08-06;7.774653021246348;7.7830220535400585;7.7077023591263565;7.766283988952637;29200
2018-08-07;7.732803647840234;7.7662789572117115;7.732803647840234;7.75791072845459;40400
2018-08-08;7.757912301429263;7.783018589019776;7.750379696849066;7.783018589019775;14100
2018-08-09;7.777996290882329;7.783018026906442;7.749542713165283;7.749542713165283;16000
2018-08-10;7.788231849670409;7.813463477103755;7.774775035179223;7.78823184967041;31800
2018-08-13;7.830284856540615;7.830284856540615;7.781502802620723;7.829443454742432;16500
2018-08-14;7.8067373405382305;7.863930225372315;7.796645327790244;7.8639302253723145;8200
2018-08-15;7.90682243820219;7.90682243820219;7.763000458192656;7.8050537109375;38200
2018-08-16;7.838696904616144;7.838696904616144;7.771412014609932;7.779822826385498;29200
2018-08-17;7.805052788179379;7.805052788179379;7.779821160355133;7.796642780303955;3200
2018-08-20;7.805054481788271;7.815147295527794;7.771412036689583;7.795803070068359;28900
2018-08-21;7.7798211855536765;7.805052813459647;7.754589557647706;7.754589557647705;31200
2018-08-22;7.805052813459647;7.805052813459647;7.712536309738429;7.754589557647705;60400
2018-08-23;7.762999420138089;7.788231849670409;7.737767792704744;7.78823184967041;49600
2018-08-24;7.813464521906286;7.813464521906286;7.788232891099012;7.8050537109375;60800
2018-08-27;7.82187608316417;7.82187608316417;7.779822826385498;7.779822826385498;12900
2018-08-28;7.805052667259648;7.805052667259648;7.754589412392957;7.78823184967041;28000
2018-08-29;7.847106035952447;7.847106035952447;7.779821160355133;7.796642780303955;58100
2018-08-30;7.847106963682346;7.847106963682346;7.788232891099012;7.8050537109375;33400
2018-08-31;7.8092585233387775;7.838695557394815;7.771410678952724;7.830285549163818;17600
2018-09-04;7.788233638161064;7.834491498728361;7.779822826385498;7.779822826385498;28700
2018-09-05;7.788232653693421;7.794120060772291;7.737768591518067;7.75038480758667;25000
2018-09-06;7.779821724495705;7.8218749753181935;7.763000103327092;7.813464164733887;56800
2018-09-07;7.771411269161441;7.805053710937501;7.7461796383541675;7.8050537109375;20100
2018-09-10;7.821877086698779;7.855519536018159;7.819353682422529;7.838697910308838;35500
2018-09-11;7.849631768266012;7.897572436824853;7.826082135029928;7.847108364105225;34100
2018-09-12;7.905982447195437;7.905982447195437;7.821876728795023;7.847108364105225;23300
2018-09-13;7.919797300577628;7.919797300577628;7.860631516065238;7.894440650939941;27800
2018-09-14;7.82682240074452;7.869084020961822;7.82682240074452;7.852179050445557;13300
2018-09-17;7.872462662480578;7.872462662480578;7.75920212987872;7.7845587730407715;35400
2018-09-18;7.759205385939122;7.818371180169864;7.742300412688344;7.7930145263671875;50400
2018-09-19;7.7845620397417985;7.835276153420642;7.750752899313733;7.7930145263671875;18700
2018-09-20;7.826820450412669;7.826820450412669;7.776106357574463;7.776106357574463;17200
2018-09-21;7.793011323878251;7.826820450412669;7.767653874422568;7.776106357574463;31300
2018-09-24;7.808224953603458;7.809070524326784;7.759202003479004;7.759202003479004;25400
2018-09-25;7.801465874141171;7.801465874141171;7.737229074319365;7.760049819946289;44300
2018-09-26;7.776106583526722;7.801463227646039;7.725393295288086;7.725393295288086;44800
2018-09-27;7.776106583526722;7.801463227646039;7.700035845095585;7.725393295288086;13600
2018-09-28;7.767653874422568;7.793011323878251;7.7422972310400455;7.776106357574463;18700
2018-10-01;7.8014630009569865;7.8014630009569865;7.752440049607687;7.776106357574463;49700
2018-10-02;7.800621656283837;7.801466421325498;7.767657279968262;7.767657279968262;20600
2018-10-03;7.72539308305428;7.785404423810793;7.72539308305428;7.749904155731201;64400
2018-10-04;7.754977686934365;7.7744177576648585;7.700037340255717;7.716942310333252;38000
2018-10-05;7.738071829362053;7.750750555466056;7.691584779127204;7.708488941192627;39400
2018-10-08;7.759203272564663;7.759203272564663;7.564800163497751;7.65777587890625;33800
2018-10-09;7.852178846660172;7.852178846660172;7.700037340255717;7.716942310333252;50200
2018-10-10;7.764513664539867;7.764513664539867;7.3737394361241835;7.518156051635742;84400
2018-10-11;7.475681787383601;7.747524496328583;7.44764798776977;7.560632228851318;107600
2018-10-12;7.637088818556449;7.73053536502347;7.552138370133536;7.6455841064453125;48100
2018-10-15;7.73902984275709;7.73902984275709;7.59461318926737;7.6455841064453125;82600
2018-10-16;7.679562622301544;7.679562622301544;7.611601955656358;7.662572860717773;21700
2018-10-17;7.688059735734391;7.688059735734391;7.615001556138547;7.6455841064453125;16600
2018-10-18;7.679560570669342;7.679560570669342;7.569974166757658;7.611599922180176;61300
2018-10-19;7.688057743431707;7.688057743431707;7.560630888586188;7.5776214599609375;72300
2018-10-22;7.628594027582159;7.649832248687744;7.592914788311131;7.649832248687744;7600
2018-10-23;7.560631851492109;7.569127138261425;7.390730166881469;7.55213737487793;73800
2018-10-24;7.620097049028308;7.620097049028308;7.518156051635742;7.518156051635742;21900
2018-10-25;7.5691261452545096;7.603106477718698;7.465486252761989;7.518156051635742;155400
2018-10-26;7.475680388565332;7.54364105308506;7.475680388565332;7.509660720825195;28400
2018-10-29;7.586116716564119;7.586116716564119;7.416214244088145;7.518156051635742;29800
2018-10-30;7.509662264707154;7.671068673585661;7.356750333023689;7.408570289611816;64700
2018-10-31;7.458691697534784;7.688059605723888;7.407721591374026;7.535147666931152;29000
2018-11-01;7.620097078242777;7.620097078242777;7.492670223397259;7.5776214599609375;36300
2018-11-02;7.5776214599609375;7.6370868394624924;7.524102618409539;7.5776214599609375;32500
2018-11-05;7.577621917421502;7.628592014312744;7.501165961929557;7.628592014312744;22700
2018-11-06;7.552137751813172;7.611603141856092;7.552137751813172;7.560632228851318;13900
2018-11-07;7.620098058555031;7.637087821960449;7.577622434808776;7.637087821960449;28400
2018-11-08;7.577622434808776;7.637087821960449;7.569127148028499;7.637087821960449;53200
2018-11-09;7.650749348710723;7.659288326866853;7.548284053802489;7.54828405380249;44800
2018-11-12;7.5909796547818225;7.5909796547818225;7.522669444457379;7.523522853851318;33300
2018-11-13;7.573900639648477;7.573900639648477;7.454357381077581;7.505590438842773;28600
2018-11-14;7.462896062873794;7.538891830062425;7.368969744082934;7.386046886444092;54100
2018-11-15;7.4031248431270456;7.420201985488204;7.240887511926166;7.386046886444092;85100
2018-11-16;7.403124794573842;7.420201936823001;7.343353575219103;7.360430717468262;29300
2018-11-19;7.40312496908524;7.40312496908524;7.2665045705843045;7.343353748321533;52400
2018-11-20;7.283581929962881;7.283581929962881;7.198194585519955;7.206732749938965;34000
2018-11-21;7.249426829321344;7.249426829321344;7.18111662803827;7.206732749938965;63600
2018-11-23;7.138424225643811;7.283583641052246;7.138424225643811;7.283583641052246;15300
2018-11-26;7.257966417048415;7.317737644605805;7.206733354626437;7.296391010284424;58700
2018-11-27;7.275041978436555;7.308342847294947;7.223808932898683;7.276749610900879;67500
2018-11-28;7.326275825500488;7.326275825500488;7.26650460445815;7.326275825500488;93400
2018-11-29;7.343353734556624;7.351891898705571;7.198194357841025;7.300659656524658;114600
2018-11-30;7.317735588578772;7.317735588578772;7.2238092839040275;7.309197425842285;100000
2018-12-03;7.351891724422923;7.368969680959585;7.283581526919851;7.317736625671387;149200
2018-12-04;7.300659434907103;7.360430653744365;7.223810259646747;7.292120456695557;69900
2018-12-06;7.249426316009741;7.26138055967174;7.121344901253522;7.223810195922852;64800
2018-12-07;7.2579658080621865;7.2579658080621865;7.18111662803827;7.206732749938965;31400
2018-12-10;7.232348951841463;7.232348951841463;7.129883660320432;7.21527099609375;21600
2018-12-11;7.223812007193706;7.223812007193706;7.0453517167378195;7.163186550140381;131600
2018-12-12;7.134853393469282;7.220711542774162;7.134853393469282;7.17778205871582;104300
2018-12-13;7.186367821512899;7.220711243574145;7.134853097826914;7.143438339233398;62700
2018-12-14;7.066165712782934;7.1520246807185;7.048994410482901;7.057580471038818;120400
2018-12-17;7.057580198435005;7.089347638690697;6.821468864543959;6.8686909675598145;350000
2018-12-18;6.954550150464747;7.012933887961146;6.765660913660801;6.885863304138184;205800
2018-12-19;6.937377199233381;6.937377199233381;6.800003523020711;6.877276420593262;149200
2018-12-20;6.842932576936944;6.842932576936944;6.679801541499618;6.774245738983154;136300
2018-12-21;6.73131654531408;6.800003381995923;6.576770753374093;6.705558776855469;144900
2018-12-24;6.6798015937244815;6.684094214075769;6.53126587561197;6.671215534210205;90800
2018-12-26;6.757074347044997;6.909044167392246;6.705559216158689;6.834347248077393;183000
2018-12-27;6.8257608620661605;6.945963237796358;6.757074024166533;6.851518630981445;213800
2018-12-28;6.903034247952251;7.117680836282621;6.903034247952251;6.954549789428711;209500
2018-12-31;6.894447699965789;7.124549343860068;6.842932571541068;6.851518630981445;440300
2019-01-02;6.937378030642074;7.091923844308687;6.901317559136342;7.083337783813477;81700
2019-01-03;7.07475159300995;7.109095015546434;7.017226790137524;7.091923713684082;42500
2019-01-04;7.169195087327984;7.237881917725363;7.100508256930605;7.220709800720215;84200
2019-01-07;7.229295136799908;7.315154075622558;7.177779609744014;7.315154075622559;29700
2019-01-08;7.332327188247217;7.383842728063017;7.277377552047607;7.366670608520508;76900
2019-01-09;7.426771558996679;7.461114980054712;7.383842896782946;7.409600257873535;102300
2019-01-10;7.349499346832673;7.478286968838742;7.349499346832673;7.418186187744141;109900
2019-01-11;7.449264049530029;7.466527269094994;7.414736787205233;7.449264049530029;52600
2019-01-14;7.449261928735444;7.466525143385596;7.380207423745572;7.406102657318115;52900
2019-01-15;7.423365538282314;7.440628750242113;7.3543110440541115;7.388838291168213;20900
2019-01-16;7.440629335070786;7.45789337158203;7.379343322567176;7.457893371582031;27700
2019-01-17;7.43544883652873;7.526946067810059;7.4155950346587804;7.526946067810059;42800
2019-01-18;7.449261292987241;7.561475059817692;7.449261292987241;7.51831579208374;136500
2019-01-22;7.544213815124504;7.561477857884337;7.276627737906045;7.449264049530029;76600
2019-01-23;7.435449610762356;7.449260344183687;7.380205853882577;7.423365116119385;36300
2019-01-24;7.371573872016475;7.501050836151061;7.354310660955946;7.4319963455200195;44900
2019-01-25;7.455303850767307;7.60031863417161;7.455303850767307;7.509684085845947;108000
2019-01-28;7.475156482496236;7.6046342849731445;7.466524464358864;7.6046342849731445;25100
2019-01-29;7.5787372695407935;7.633981026142421;7.561474058649665;7.5916852951049805;49700
2019-01-30;7.647792729270889;7.647792729270889;7.530400246103037;7.6046342849731445;37300
2019-01-31;7.656423402271471;7.682318628939565;7.552841672404679;7.647791385650635;64100
2019-02-01;7.690951291752648;7.6995833090987436;7.647792028216648;7.656424045562744;47400
2019-02-04;7.699582206336168;7.699582206336168;7.6305277238466;7.673686981201172;47600
2019-02-05;7.690950083924073;7.708214115905029;7.67368687513747;7.699582099914551;41200
2019-02-06;7.668509677313857;7.716847664506224;7.668509677313857;7.710805416107178;53600
2019-02-07;7.708214115905029;7.716845308701153;7.640885872929138;7.699582099914551;60300
2019-02-08;7.756846993506417;7.756846993506417;7.626698878893891;7.67875862121582;37600
2019-02-11;7.69003990401261;7.730819702148437;7.678760772701824;7.7308197021484375;27100
2019-02-12;7.7742026949951235;7.782879459056814;7.722142938086747;7.7308197021484375;62400
2019-02-13;7.774200905721171;7.782877667785859;7.696111702062137;7.756847381591797;31500
2019-02-14;7.696113128667559;7.782879110474831;7.696113128667559;7.774202346801758;30800
2019-02-15;7.756847635013616;7.82626090633732;7.739494937778891;7.7828779220581055;125700
2019-02-19;7.759451169711988;7.843613947766894;7.7256129535154985;7.739495277404785;60100
2019-02-20;7.817584748706596;7.817584748706596;7.774201761071557;7.808907985687256;35500
2019-02-21;7.808910366504068;7.834939836036411;7.7655273656422175;7.7915568351745605;42400
2019-02-22;7.852290386944149;7.8609671493155435;7.76552441815341;7.843613624572754;23700
2019-02-25;7.904349896515011;7.904349896515011;7.791554459648574;7.808907985687256;31500
2019-02-26;7.808910366504068;7.826263897833575;7.7915568351745605;7.7915568351745605;23300
2019-02-27;7.869644617288423;7.869644617288423;7.730819702148437;7.7308197021484375;44800
2019-02-28;7.774201761071557;7.828863878662408;7.774201761071557;7.808907985687256;58000
2019-03-01;7.869643797649523;7.869643797649523;7.8089081104669615;7.834937572479248;74600
2019-03-04;7.999792762634312;7.999792762634312;7.8089081104669615;7.834937572479248;39100
2019-03-05;7.880055747946773;7.895674087123488;7.800231347308973;7.834937572479248;52500
2019-03-06;7.843614210302955;7.852290973322296;7.791554459648574;7.808907985687256;61800
2019-03-07;7.8783204349186535;7.8783204349186535;7.757716242319475;7.808907985687256;34800
2019-03-08;7.901353003954041;7.901353003954041;7.787978087046965;7.814141273498535;35200
2019-03-11;7.822862674080345;7.857747200192888;7.726929603486321;7.770535469055176;41400
2019-03-12;7.797569553841138;7.849024281885343;7.770533905992482;7.84030294418335;64500
2019-03-13;7.900479421809636;7.901351888310336;7.840303352926245;7.875187873840332;49400
2019-03-14;7.910073462811366;7.910073462811366;7.6571604441065295;7.86646842956543;44100
2019-03-15;7.866468882829092;7.9013534104634955;7.849026203155518;7.849026203155518;32500
2019-03-18;7.912689480523844;7.912689480523844;7.866467882350401;7.901352405548096;34800
2019-03-19;7.927513850284899;7.927513850284899;7.735648598947061;7.787975788116455;66400
2019-03-20;7.761814129598863;7.822862674080345;7.761814129598863;7.770535469055176;65700
2019-03-21;7.761814008840399;7.8577470779418945;7.761814008840399;7.8577470779418945;35600
2019-03-22;7.901351476384763;7.901351476384763;7.814139762789909;7.84030294418335;20600
2019-03-25;7.892632070626709;7.892632070626709;7.796698995847541;7.849026203155518;46600
2019-03-26;7.849026203155518;7.888271400708315;7.848153736486742;7.849026203155518;40300
2019-03-27;7.814141652000118;7.901353386679987;7.796698972379048;7.831583499908447;112800
2019-03-28;7.875186086848641;7.90135009538166;7.805417060852051;7.805417060852051;56600
2019-03-29;7.892632070626709;7.910073918587538;7.796698995847541;7.849026203155518;34800
2019-04-01;7.91879415512085;7.91879415512085;7.866467786816103;7.91879415512085;31500
2019-04-02;7.918794085473449;7.953678607940673;7.901352240096148;7.953678607940674;29500
2019-04-03;7.979840686795201;7.979840686795201;7.926641859778234;7.965015411376953;30800
2019-04-04;8.023449887116117;8.023449887116117;7.927517631545738;8.014728546142578;32000
2019-04-05;8.014727517583637;8.058333385142385;7.978098888250877;8.049612045288086;29100
2019-04-08;8.006006169619456;8.103682504260657;8.006006169619456;8.04089069366455;46200
2019-04-09;8.023447050476534;8.049610232434471;8.005132739934723;8.0321683883667;34500
2019-04-10;8.037424826133343;8.062843319795713;8.01989459991455;8.01989459991455;42900
2019-04-11;8.019895989191518;8.037426218447049;7.923482235948105;8.006749153137207;76700
2019-04-12;7.976073655253087;8.090016824256343;7.976073655253087;8.02866268157959;47200
2019-04-15;8.004996074717209;8.054079377847627;7.99360125884061;8.037425994873047;24600
2019-04-16;8.133842379208538;8.14260749643067;8.050576273261024;8.116312980651855;64100
2019-04-17;8.116310767851607;8.116310767851607;8.054955799911841;8.08125114440918;42800
2019-04-18;8.081250730905483;8.081250730905483;7.9848361444566605;8.037425994873047;83500
2019-04-22;7.984838142708991;8.098782150553552;7.984838142708991;8.04619312286377;90600
2019-04-23;8.04619312286377;8.142606897553387;8.04619312286377;8.04619312286377;41900
2019-04-24;8.090017978019414;8.133842730133264;8.028663826592599;8.05495834350586;70100
2019-04-25;8.09878319910951;8.142607951783372;8.05495844643565;8.06372356414795;53000
2019-04-26;8.107545238170019;8.133839745434553;8.019895766105146;8.037425994873047;72000
2019-04-29;8.081253696306742;8.107548213220003;8.05495834350586;8.05495834350586;18600
2019-04-30;8.107547552497552;8.12507778626952;8.06372280395519;8.090017318725586;36800
2019-05-01;8.133842379208538;8.14260749643067;8.071611384351524;8.116312980651855;60500
2019-05-02;8.133841318685882;8.152247560919932;8.090016574176843;8.10754680633545;28100
2019-05-03;8.107548213220003;8.142607847733556;8.05495834350586;8.05495834350586;79600
2019-05-06;8.125078552246407;8.160138187207968;8.05495844643565;8.06372356414795;57600
2019-05-07;8.063722520131188;8.098782150553552;8.028662889708826;8.04619312286377;67300
2019-05-08;8.05495844643565;8.090018081397213;8.028663929186386;8.06372356414795;46900
2019-05-09;8.063723461106154;8.098783095619709;8.028663826592599;8.05495834350586;34500
2019-05-10;8.0338134765625;8.113094666017137;8.016195901179408;8.0338134765625;51000
2019-05-13;8.016198756706125;8.087551180558595;7.954535120668788;7.980962753295898;98200
2019-05-14;8.051432377368075;8.139521939778042;8.017958058020893;8.060240745544434;54600
2019-05-15;8.11309695356877;8.121906163790287;7.972152950394604;8.069051742553711;61300
2019-05-16;8.095478533125736;8.098121464210696;8.025006531538654;8.069051742553711;72700
2019-05-17;8.025006294250488;8.095478293753812;8.025006294250488;8.025006294250488;18800
2019-05-20;8.016199111938477;8.089313213187571;8.016199111938477;8.016199111938477;26500
2019-05-21;8.060244337160691;8.069053549354743;7.980963947692362;7.989772319793701;75100
2019-05-22;8.042625549240649;8.042625549240649;7.980962753295898;7.980962753295898;28300
2019-05-23;7.989768759579525;8.07785916208183;7.972151183134468;8.060240745544434;51300
2019-05-24;7.998580334954718;8.057601039710827;7.972153542420195;7.980962753295898;38400
2019-05-28;8.016199956375857;8.051435965059351;7.980963947692362;7.989772319793701;32200
2019-05-29;7.963343263496697;8.019721029410162;7.928107264812342;7.95453405380249;26700
2019-05-30;7.998581060202837;8.007390271877291;7.9325136528297655;7.936918258666992;72700
2019-05-31;7.919299125671388;7.950130523676515;7.879658516781198;7.919299125671387;42500
2019-06-03;7.831207035373996;7.919296595806126;7.813588619232178;7.813588619232178;42800
2019-06-04;7.875251414724372;7.910487407001506;7.831207054447194;7.901679039001465;71500
2019-06-05;7.928106784820556;7.938677667795117;7.9043220881046885;7.928106784820557;17400
2019-06-06;7.94572639544242;7.98977076767103;7.910489553511452;7.972153186798096;27400
2019-06-07;7.97215473549831;7.998581531987753;7.951012962269671;7.989772319793701;22200
2019-06-10;8.042625609756701;8.042625609756701;7.972153602405988;8.002985000610352;19100
2019-06-11;8.069052219401904;8.095479011535645;7.989771002908106;8.095479011535645;74800
2019-06-12;7.967990496207428;8.127350576313546;7.967990496207428;7.9945502281188965;91100
2019-06-13;8.001636076118588;8.058297476940602;7.976846871568762;8.029966354370117;47600
2019-06-14;8.056522084586868;8.109641535374205;8.056522084586868;8.074228286743164;43600
2019-06-17;8.074230291814471;8.147713033159402;8.074230291814471;8.100790023803711;13400
2019-06-18;8.180469312614434;8.238016378343152;8.047669820548832;8.127349853515625;16200
2019-06-19;8.145057111134935;8.233590680166746;8.100790326619032;8.153910636901855;35400
2019-06-20;8.162764730989322;8.236247480197235;8.113185489833908;8.145057678222656;31000
2019-06-21;8.16276310768769;8.189322837237095;8.083083074720898;8.127349853515625;36500
2019-06-24;8.127349853515625;8.171615787991772;8.109642804270303;8.127349853515625;14000
2019-06-25;8.095481283765341;8.109646422891105;8.00340661296944;8.029966354370117;65500
2019-06-26;8.038816758649459;8.109643271070444;8.033505150161268;8.091937065124512;33700
2019-06-27;7.994550251528098;8.136203281228916;7.994550251528098;8.100790023803711;57300
2019-06-28;8.091937358140365;8.171616554260254;8.056524100647529;8.171616554260254;31700
2019-07-01;8.25129680306783;8.25129680306783;8.136203502230009;8.198177337646484;45700
2019-07-02;8.212342472137598;8.286710061454952;8.162764079259363;8.198177337646484;56400
2019-07-03;8.251295787385452;8.31326961517334;8.219424449783277;8.31326961517334;21100
2019-07-05;8.251298152756915;8.279629270692025;8.14505836021759;8.27785873413086;15500
2019-07-08;8.304418084307319;8.304418084307319;8.207031823429585;8.269004821777344;41500
2019-07-09;8.34868526249041;8.34868526249041;8.233591942826436;8.27785873413086;34400
2019-07-10;8.31878509030742;8.363269891464256;8.260953491214423;8.327681541442871;61800
2019-07-11;8.389959882699255;8.434444673741448;8.292091306023229;8.345474243164062;71500
2019-07-12;8.389960598666221;8.389960598666221;8.185326978738885;8.229812622070312;57600
2019-07-15;8.292092001178117;8.292092001178117;8.194224264790499;8.212018013000488;37400
2019-07-16;8.194223731269341;8.345474399425225;8.185326433497108;8.274297714233398;36500
2019-07-17;8.274297714233398;8.389960039793369;8.274297714233398;8.274297714233398;36600
2019-07-18;8.341024714867721;8.38106170137852;8.265399390179871;8.309885025024414;55700
2019-07-19;8.323231154994643;8.359709566764986;8.256503118688933;8.274297714233398;22500
2019-07-22;8.38106466441509;8.38106466441509;8.256505012512207;8.256505012512207;25300
2019-07-23;8.327680197084915;8.363268541361187;8.274298104917037;8.300989151000977;64200
2019-07-24;8.292091461284846;8.329459942229619;8.274297714233398;8.274297714233398;47000
2019-07-25;8.292093363271144;8.32768171403008;8.212019361940234;8.256505012512207;34000
2019-07-26;8.287645580279992;8.318786132883028;8.265403176913981;8.292094230651855;25400
2019-07-29;8.3098864618649;8.354372104401339;8.247607071409723;8.3187837600708;28900
2019-07-30;8.309886529433802;8.318783827712046;8.194224197295819;8.265400886535645;93900
2019-07-31;8.23870849609375;8.31878247054819;8.220913902440353;8.23870849609375;38700
2019-08-01;8.292092026045049;8.300989324423261;8.229812634383713;8.247607231140137;22100
2019-08-02;8.274297383695968;8.318783022287024;8.194223403930664;8.194223403930664;19800
2019-08-05;8.197785116817252;8.197785116817252;8.086571402078546;8.087461471557617;27500
2019-08-06;8.1746518067253;8.256505099179376;8.085681353140656;8.220916748046875;60100
2019-08-07;8.2298126906765;8.381063370168379;8.158636000150095;8.176429748535156;20200
2019-08-08;8.238706655141385;8.238706655141385;8.176426439764032;8.203118324279785;49100
2019-08-09;8.405202056496611;8.405202056496611;8.154834564273678;8.190601348876953;32900
2019-08-12;8.226367917003728;8.38731886985676;8.199543042444018;8.378376960754395;47600
2019-08-13;8.42308672634715;8.42308672634715;8.315786361694336;8.315786361694336;32800
2019-08-14;8.297901702686783;8.302372657355619;8.181659439539283;8.190601348876953;42200
2019-08-15;8.271081437672354;8.297906327889992;8.145897195410237;8.226372718811035;45400
2019-08-16;8.286281625171146;8.312211980052648;8.217429915637886;8.253196716308594;18000
2019-08-19;8.293432033803656;8.344399901633379;8.226369408868777;8.271078109741211;30000
2019-08-20;8.208486440168327;8.334564311485508;8.208486440168327;8.271078109741211;53900
2019-08-21;8.24425349008666;8.33367004190143;8.217427757069416;8.262136459350586;62300
2019-08-22;8.306843681948928;8.333668557440335;8.253193078218693;8.28001880645752;25600
2019-08-23;8.31578559136187;8.360494285679161;8.275547851751048;8.28001880645752;36500
2019-08-26;8.288961786435287;8.369436423303252;8.27107796529961;8.274654388427734;31800
2019-08-27;8.288965266316035;8.321154793478048;8.226372718811035;8.226372718811035;25800
2019-08-28;8.297905430333923;8.335460443125996;8.208488855031055;8.253196716308594;57800
2019-08-29;8.306843393430244;8.41772016695846;8.260346489394808;8.378376960754395;42100
2019-08-30;8.38731886985676;8.432027562621201;8.373012326941407;8.378376960754395;53100
2019-09-03;8.369437387763789;8.396263122558594;8.330094170578082;8.396263122558594;48400
2019-09-04;8.369437524696513;8.449913024902344;8.369437524696513;8.449913024902344;27800
2019-09-05;8.41414252815288;8.432026343772508;8.369433841851077;8.387317657470703;73300
2019-09-06;8.414145352217904;8.683291239495595;8.396262383343426;8.476737022399902;39500
2019-09-09;8.449911551638232;8.522339659744977;8.39626179602008;8.467795372009277;31700
2019-09-10;8.423084435962695;8.548268587058292;8.351550878978713;8.387317657470703;76700
2019-09-11;8.476737212134475;8.548271647476192;8.432029362573811;8.440970420837402;49800
2019-09-12;8.45534614499227;8.599113851150882;8.3654917571047;8.540708541870117;100400
2019-09-13;8.599116681841597;8.617088079488878;8.500276565551758;8.500276565551758;25600
2019-09-16;8.464333855378689;8.554189121575035;8.464333855378689;8.491290092468262;28000
2019-09-17;8.46433210359038;8.572157886556246;8.46433210359038;8.527230262756348;23100
2019-09-18;8.572157709076668;8.612592483967092;8.509259551212956;8.536215782165527;43600
2019-09-19;8.538013048969367;8.608099937438965;8.4912884566563;8.608099937438965;48300
2019-09-20;8.583841801825038;8.662015494352714;8.545203983413835;8.554189682006836;61000
2019-09-23;8.63505586694038;8.670997793851521;8.483201375702361;8.536215782165527;42100
2019-09-24;8.536217277900585;8.599115446785454;8.509261042224681;8.513753890991211;56600
2019-09-25;8.547000177094397;8.56317374755721;8.446362247205485;8.54520320892334;39900
2019-09-26;8.545201478124095;8.626071027904944;8.536215782165527;8.536215782165527;43000
2019-09-27;8.545201478124095;8.63505586694038;8.49128815929582;8.536215782165527;23100
2019-09-30;8.54969307777831;8.572156457471761;8.419403076171875;8.419403076171875;81300
2019-10-01;8.49128946193359;8.518245697021484;8.455347529508645;8.518245697021484;29500
2019-10-02;8.545204704810484;8.581146645293371;8.392451243527342;8.437378883361816;41400
2019-10-03;8.45984086375795;8.491289949319496;8.440971412421023;8.455348014831543;33300
2019-10-04;8.536219005458896;8.536219005458896;8.410421785307058;8.437378883361816;33800
2019-10-07;8.500275790472562;8.563173962656009;8.44636245937009;8.491290092468262;35700
2019-10-08;8.519145098509238;8.572159516148217;8.446362316978727;8.455348014831543;68300
2019-10-09;8.482304394463963;8.536217725566436;8.47331955338299;8.491290092468262;43900
2019-10-10;8.596933338942316;8.596933338942316;8.433500626994979;8.451559066772461;32100
2019-10-11;8.478646278381348;8.51476401164019;8.451557332601203;8.478646278381348;22900
2019-10-14;8.468713841313823;8.577970357114905;8.451557852377169;8.460587501525879;27800
2019-10-15;8.523792799118887;8.596029126751256;8.469616629787966;8.478646278381348;64100
2019-10-16;8.47865111192817;8.532827312144097;8.47865111192817;8.505739212036133;49600
2019-10-17;8.469616629787966;8.554493259890512;8.469616629787966;8.478646278381348;38600
2019-10-18;8.487675666809082;8.52379340262515;8.460587580225717;8.487675666809082;37900
2019-10-21;8.559911913279764;8.559911913279764;8.487676435108908;8.523794174194336;27500
2019-10-22;8.56894268818202;8.577972339417412;8.514766502999539;8.550884246826172;32900
2019-10-23;8.577974742457858;8.623122150167514;8.550886642278137;8.596034049987793;72200
2019-10-24;8.550884509911645;8.618605174030781;8.53282520688523;8.541854858398438;43500
2019-10-25;8.541853718317821;8.623118848860317;8.541853718317821;8.577971458435059;45700
2019-10-28;8.632147987897758;8.66826572587579;8.53282356262207;8.53282356262207;42800
2019-10-29;8.605060432008655;8.659237478306073;8.532824944355387;8.550884246826172;56100
2019-10-30;8.609573154648267;8.641176065137863;8.57797024415867;8.586999893188477;36700
2019-10-31;8.623122150167514;8.66826955787717;8.568945088692892;8.596034049987793;53900
2019-11-01;8.641179053493763;8.776621252436298;8.608673683528776;8.704385757446289;50300
2019-11-04;8.677297064165813;8.75856221377305;8.677297064165813;8.695356369018555;32300
2019-11-05;8.722444465182617;8.794679962363483;8.659238620428122;8.695356369018555;61300
2019-11-06;8.740502169218354;8.830796093599641;8.67548971699353;8.776619911193848;36400
2019-11-07;8.740502955440787;8.749531745910645;8.632149719767757;8.749531745910645;48400
2019-11-08;8.709612877726459;8.782192912938989;8.709612877726459;8.727757453918457;16700
2019-11-11;8.791263130344797;8.827553141189131;8.744086029724949;8.782191276550293;11900
2019-11-12;8.73683047475585;8.836627810295782;8.719592650909044;8.800337791442871;56200
2019-11-13;8.73683062297213;8.836627960205078;8.691467882330858;8.836627960205078;39200
2019-11-14;8.79126438124237;8.819389295062456;8.700539773833498;8.754974365234375;52500
2019-11-15;8.718685150550144;8.863846093145918;8.709613294631033;8.818483352661133;34700
2019-11-18;8.754974668230913;8.863845585244986;8.736830092210074;8.827554702758789;44200
2019-11-19;8.86384612372323;8.88199070084635;8.727757901799414;8.836627960205078;48900
2019-11-20;8.782193096991495;8.855679886681475;8.782193096991495;8.832091331481934;22900
2019-11-21;8.84569991847784;8.84569991847784;8.637032540835806;8.655177116394043;66700
2019-11-22;8.664250671693326;8.745903432629254;8.646105229164311;8.736830711364746;79500
2019-11-25;8.682395013865333;8.809410512461673;8.682395013865333;8.800337791442871;32800
2019-11-26;8.818480687988888;8.88198798634426;8.816666317353313;8.872915267944336;39400
2019-11-27;8.891062850072087;8.891062850072087;8.782192798669847;8.809410095214844;40700
2019-11-29;8.764049125653855;8.891064643859863;8.764049125653855;8.891064643859863;8400
2019-12-02;9.009006048763835;9.009006048763835;8.800337791442871;8.800337791442871;20500
2019-12-03;8.718685180626697;8.927353441487622;8.718685180626697;8.836627960205078;32100
2019-12-04;8.791265898128275;8.984510720955878;8.791265898128275;8.881991386413574;52700
2019-12-05;9.000841470335322;9.000841470335322;8.836629174565164;8.891064643859863;13800
2019-12-06;8.891064643859863;8.891064643859863;8.827556452145643;8.891064643859863;4700
2019-12-09;8.941868322034813;8.999932520032873;8.89106247324484;8.93642520904541;46800
2019-12-10;8.927354522826128;8.945499102147037;8.845701752825994;8.854774475097656;55800
2019-12-11;8.905819980510328;8.928608321531861;8.759971642286267;8.778203010559082;78900
2019-12-12;8.796432031628513;8.822867163454946;8.778201535738079;8.805547714233398;11500
2019-12-13;8.805549582883312;8.86935763601972;8.805549582883312;8.842011451721191;37400
2019-12-16;8.842009571078298;8.887587114761455;8.787317214113981;8.860240936279297;32500
2019-12-17;8.823779577494538;8.861152487373113;8.759970664978027;8.759970664978027;60300
2019-12-18;8.76908709427456;8.8237803283256;8.723509544118606;8.782760620117188;63600
2019-12-19;8.805548702962875;8.832894884528756;8.741740656202674;8.769086837768555;78200
2019-12-20;8.792785616331823;8.823778587733603;8.714393010528553;8.796431541442871;66300
2019-12-23;8.769085879664681;8.851125284718194;8.741739701086624;8.823779106140137;58000
2019-12-24;8.76908876575866;8.789143100286527;8.76908876575866;8.787320137023926;8300
2019-12-26;8.778203861126073;8.860243287664005;8.778203861126073;8.83289623260498;31800
2019-12-27;8.79643277754998;8.842010325119963;8.79643277754998;8.828337669372559;68500
2019-12-30;8.832894884528756;8.842010568157194;8.759971154140116;8.769086837768555;29300
2019-12-31;8.750854869596903;8.796431541442871;8.741739187499991;8.796431541442871;144400
2020-01-02;8.85112760264433;8.860243287664005;8.75085767538662;8.83289623260498;55300
2020-01-03;8.778203923354951;8.842011980305871;8.732626367253047;8.814665794372559;65200
2020-01-06;8.814663423507671;8.860240967350661;8.714393522508567;8.823779106140137;66700
2020-01-07;8.769085590645544;8.933164395344718;8.73262373063676;8.890321731567383;60600
2020-01-08;8.869357120267734;9.042551639166065;8.869357120267734;8.942281723022461;56900
2020-01-09;8.887588500976562;9.08812920286959;8.86935713293198;8.887588500976562;64100
2020-01-10;8.902242331813104;9.030463366660594;8.902242331813104;8.984670639038086;56000
2020-01-13;8.957194848881311;9.085416769974474;8.957194848881311;9.035043716430664;24700
2020-01-14;9.03962318806688;9.099155137582265;8.9755126640722;9.085416793823242;50200
2020-01-15;9.039621871934855;9.112891281101158;8.966352462768555;8.966352462768555;62400
2020-01-16;8.966352462768555;9.01306142724399;8.929717758185404;8.966352462768555;28500
2020-01-17;8.929718971252441;8.984671472312375;8.909569575290403;8.929718971252441;30200
2020-01-21;8.938875947502156;9.076255860490987;8.938875947502156;9.030462265014648;30000
2020-01-22;8.975512433323763;9.1220512692245;8.952615194314047;9.021306037902832;79200
2020-01-23;8.975511357274407;9.048780766440707;8.957193568262705;8.966352462768555;39200
2020-01-24;9.039623680726013;9.112893104553223;9.000241125222772;9.112893104553223;44400
2020-01-27;9.112889178334378;9.112889178334378;8.975509286207547;9.04511547088623;134100
2020-01-28;8.957194713224446;9.039623027433073;8.92056000395843;8.975512504577637;61400
2020-01-29;8.975512118874128;9.002987931282835;8.93887741118241;8.957194328308105;45600
2020-01-30;8.984671084379338;8.984671084379338;8.874766087004863;8.91140079498291;83900
2020-01-31;8.911400752180228;8.911400752180228;8.81981441939518;8.856449127197266;96100
2020-02-03;8.902242756920852;8.920559674156484;8.865608049009259;8.906822204589844;38900
2020-02-04;8.911400725333376;9.021305721848858;8.88392491292467;8.957194328308105;57200
2020-02-05;9.002987101654734;9.021304890532766;8.961772950119407;9.01214599609375;39600
2020-02-06;9.021306761489425;9.112893104553223;8.937962202313686;9.112893104553223;31100
2020-02-07;9.112891486552845;9.158685086674272;9.022220525157337;9.14769458770752;37300
2020-02-10;9.158686712805334;9.158686712805334;9.112893104553223;9.112893104553223;24000
2020-02-11;9.158684486514105;9.158684486514105;9.08541508049721;9.094573974609375;25800
2020-02-12;9.155304131795432;9.183828321827182;9.05409002821972;9.063291549682617;99000
2020-02-13;9.044886755021546;9.13321906244392;9.026484593165108;9.11021614074707;22600
2020-02-14;9.035686985293927;9.109297401986332;9.035686985293927;9.063291549682617;40300
2020-02-18;9.063291549682617;9.118498923449229;9.063291549682617;9.063291549682617;26100
2020-02-19;9.081692114050231;9.182906199782451;9.081692114050231;9.146100997924805;57400
2020-02-20;9.081692695617676;9.146101583616822;9.063290532263041;9.081692695617676;101700
2020-02-21;9.09089270136966;9.16450309753418;9.09089270136966;9.16450309753418;10400
2020-02-24;9.109297401986332;9.173707174721226;9.044888506756823;9.063291549682617;52900
2020-02-25;9.081694036886713;9.081694036886713;8.787252359684398;8.805654525756836;71500
2020-02-26;8.833256706823338;8.96207446707575;8.81485366821289;8.81485366821289;39500
2020-02-27;8.80841295599452;8.814853844135683;8.594022641434147;8.649230003356934;33500
2020-02-28;8.354788744681908;8.446802188358916;8.281178340742393;8.40999698638916;64300
2020-03-02;8.538816240444156;8.787252055101408;8.465205823695054;8.704440116882324;39300
2020-03-03;8.695236610548823;8.92526932975649;8.695236610548823;8.796451568603516;71000
2020-03-04;8.925270551390716;8.925270551390716;8.851660141369353;8.916069030761719;52300
2020-03-05;8.96207586204668;8.96207586204668;8.704439423934879;8.842458724975586;83200
2020-03-06;8.713639762273779;8.745844202979605;8.575619602456422;8.649230003356934;78800
2020-03-09;8.419199328922895;8.421040335272602;8.189166550782865;8.198368072509766;33800
2020-03-10;8.207567154097832;8.590341920084622;8.143158276169345;8.225969314575195;109300
2020-03-11;8.139031513010469;8.19452441454279;7.833817908451406;7.8606390953063965;73300
2020-03-12;7.713583644954328;7.7320809884589305;7.112404986307759;7.297382831573486;71100
2020-03-13;7.778323656428191;7.787572766807808;7.417617172060243;7.6173930168151855;39500
2020-03-16;7.306630489747799;7.306630489747799;6.918176651000977;6.918176651000977;64200
2020-03-17;6.890429648951184;7.186394578741231;6.77944296566312;7.121652126312256;63600
2020-03-18;7.214140456551402;7.36582241214387;5.086893787280092;5.271871566772461;77900
2020-03-19;5.318116985949875;7.260385710005455;5.13313918023863;6.506600379943848;104700
2020-03-20;6.61296311199842;7.167896983832704;6.353993736597415;6.659207344055176;84600
2020-03-23;6.40948584615573;6.520472951980327;5.512342977467102;5.8591766357421875;113300
2020-03-24;6.0025350858210365;7.343625671141659;5.98403730593491;6.770194053649902;114300
2020-03-25;6.908927439003053;6.927425219576509;5.604832806019709;6.640709400177002;253400
2020-03-26;6.548220776471038;7.155873533696018;6.548220776471038;6.779443264007568;39300
2020-03-27;6.723950178403332;6.936674892755374;6.686954614257057;6.807190418243408;31500
2020-03-30;6.890429018344502;7.639590164530982;6.844184791717649;7.260385036468506;72200
2020-03-31;7.399119038696298;7.399119038696298;6.8534338684654506;7.093905448913574;41800
2020-04-01;7.269634915067162;7.269634915067162;6.816438623665211;6.862683296203613;28500
2020-04-02;6.797940502968161;7.214141211938779;6.760944943195909;6.770194053649902;35900
2020-04-03;6.770194305213071;6.936674330374176;6.5944651692543;6.640709400177002;17300
2020-04-06;6.751695770902711;7.4083675694845565;6.751695770902711;7.031012535095215;50800
2020-04-07;7.399119547640073;7.602595582172435;6.92742546478751;7.149399280548096;59900
2020-04-08;7.16234705667958;7.399118900299073;7.16234705667958;7.399118900299072;29400
2020-04-09;7.578654685385993;7.779585867725828;7.432606711263022;7.776794910430908;46400
2020-04-13;7.451212396936947;7.451212396936947;7.093070275052344;7.348886013031006;38900
2020-04-14;7.348886940830338;7.814005918277883;7.348886940830338;7.562841892242432;38500
2020-04-15;7.3581890768568945;7.5442366672863255;7.3581890768568945;7.5070271492004395;7400
2020-04-16;7.488423383414368;7.544237221067743;7.153537252486777;7.2930731773376465;102800
2020-04-17;7.4419107731896235;7.544236726948818;7.311677458859091;7.460515975952148;65800
2020-04-20;7.441910732611553;7.5256323702966155;7.404701214434291;7.414003372192383;40600
2020-04-21;7.237257451234585;7.483770588326942;7.1535358243241145;7.181442737579346;91400
2020-04-22;7.097722050705067;7.302374388656989;7.097722050705067;7.237257957458496;47200
2020-04-23;7.209350122320954;7.414002446750471;7.200047522151599;7.255862236022949;52000
2020-04-24;7.423305040027185;7.432607196615512;7.265164385874108;7.348886013031006;26600
2020-04-27;7.420515010178573;7.516329314078752;7.3488864924146915;7.4512128829956055;24700
2020-04-28;7.445630952078695;7.637260446622432;7.274467445324135;7.320979118347168;51300
2020-04-29;7.265163897881377;7.451211896447585;7.265163897881377;7.3767924308776855;30000
2020-04-30;7.601912288835191;7.601912288835191;7.246561054529865;7.2930731773376465;53100
2020-05-01;7.320979128466721;7.320979128466721;7.014000400515188;7.12562894821167;75900
2020-05-04;7.138652252381464;7.227955356906807;7.069814692152665;7.116326808929443;44100
2020-05-05;7.320979141431411;7.320979141431411;7.172141077572526;7.274467468261719;28700
2020-05-06;7.2093503399430245;7.39539791322227;7.2093503399430245;7.362839698791504;20400
2020-05-07;7.2930722059602955;7.432607668653709;7.2930722059602955;7.423305511474609;15800
2020-05-08;7.344712833414144;7.513126472302323;7.344712833414144;7.50377082824707;33500
2020-05-11;7.4663451812925885;7.57862138748169;7.380267009362663;7.5786213874816895;40000
2020-05-12;7.559909304803115;7.631952681554966;7.531840584187769;7.569265842437744;51000
2020-05-13;7.485057459176196;7.50377053112256;7.307287290983458;7.466344833374023;25200
2020-05-14;7.322257131439994;7.4195625109098975;7.297930675036477;7.391493797302246;6200
2020-05-15;7.423306050194694;7.423306050194694;7.316644123414963;7.326000213623047;24200
2020-05-18;7.363424904307333;7.53183897663106;7.363424904307333;7.428919315338135;33900
2020-05-19;7.386815730112621;7.531838908168248;7.3821374623363365;7.438275337219238;13700
2020-05-20;7.559908141277616;7.662827362552885;7.503770708686889;7.606689929962158;20500
2020-05-21;7.625401706196263;7.659084699339778;7.578620812277797;7.587976455688477;31000
2020-05-22;7.522483187353722;7.662827666689191;7.522483187353722;7.634758949279785;11500
2020-05-26;7.756390571594237;7.756390571594237;7.672183534418483;7.756390571594238;18100
2020-05-27;7.69089743835489;7.962230758462511;7.69089743835489;7.943517684936523;19300
2020-05-28;8.027724335268015;8.186781883239746;7.999655618651948;8.186781883239746;36400
2020-05-29;8.120351127287181;8.158712387084961;8.034272964572445;8.158712387084961;18500
2020-06-01;8.242919862016404;8.420689582824707;8.1821032709034;8.420689582824707;27100
2020-06-02;8.345840277121003;8.504897841214335;8.317771557659976;8.373908996582031;18800
2020-06-03;8.372971201941223;8.448756809491169;8.355194143764079;8.434722900390625;23600
2020-06-04;8.429108984217342;8.504895487303948;8.392619748246027;8.44875717163086;31100
2020-06-05;8.504896390339235;8.504896390339235;8.381392975033314;8.459985733032227;5100
2020-06-08;8.504897682258717;8.504897682258717;8.327127046988211;8.400106430053711;8800
2020-06-09;8.373906544666825;8.420688324929639;8.24291863067684;8.299056053161621;36100
2020-06-10;8.314105804690675;8.464587211608887;8.314105804690675;8.464587211608887;13500
2020-06-11;8.33291509160977;8.3611310266204;8.107192993164062;8.107192993164062;17500
2020-06-12;8.295293807983398;8.315044422103378;8.191838082077815;8.295293807983398;20200
2020-06-15;8.173969139228618;8.26707957060787;8.097787551031093;8.218173027038574;25100
2020-06-16;8.351726808031243;8.351726808031243;8.182434763569931;8.270842552185059;31500
2020-06-17;8.285890131325806;8.34608197193696;8.210648536682129;8.210648536682129;13400
2020-06-18;8.182433730819868;8.254853554690483;8.17302841910578;8.201244354248047;9300
2020-06-19;8.248270259164867;8.248270259164867;8.201244596147273;8.206887245178223;9700
2020-06-22;8.238864876924614;8.295294954512642;8.238864876924614;8.258615493774414;8000
2020-06-23;8.279305856271833;8.352664767609026;8.241684613826399;8.295293807983398;10100
2020-06-24;8.30469927965817;8.30752105228426;8.050762166805077;8.14481258392334;50200
2020-06-25;8.182434120985004;8.209709167480469;8.062048636735993;8.209709167480469;21200
2020-06-26;8.182435438479663;8.276486781369117;8.099671189554627;8.116600036621094;21300
2020-06-29;8.163624354735601;8.267080097211492;8.088383651673148;8.18243408203125;27200
2020-06-30;8.167387463760928;8.351727485656738;8.167387463760928;8.351727485656738;19300
2020-07-01;8.37053521622437;8.464586536517174;8.229459132725031;8.42320442199707;26800
2020-07-02;8.464588142334504;8.464588142334504;8.276486363003967;8.370536804199219;37700
2020-07-06;8.42790770544194;8.445776542749837;8.135408418382234;8.18243408203125;45900
2020-07-07;8.126003230013863;8.34232000650086;8.126003230013863;8.173027992248535;39900
2020-07-08;8.285889394311827;8.295293807983398;8.210647806360745;8.295293807983398;19600
2020-07-09;8.186195433874872;8.304699118594757;8.186195433874872;8.295293807983398;17200
2020-07-10;8.348238783762593;8.348238783762593;8.291512863840385;8.329330444335938;8900
2020-07-13;8.34823952752937;8.404966354147762;8.31042194366455;8.31042194366455;27200
2020-07-14;8.334059516700615;8.508966445922852;8.282060890425782;8.508966445922852;27000
2020-07-15;8.357694201698088;8.490055295239864;8.357694201698088;8.409693717956543;18200
2020-07-16;8.380385301078089;8.461692704738084;8.319876983522407;8.452238082885742;26200
2020-07-17;8.404966408073534;8.508964538958455;8.404966408073534;8.414420127868652;36000
2020-07-20;8.463583554124122;8.508965018266325;8.423875223820882;8.461692810058594;11000
2020-07-21;8.490054143010472;8.62714343030773;8.490054143010472;8.584598541259766;14900
2020-07-22;8.537328385478594;8.707507982401614;8.505183931562694;8.698053359985352;20600
2020-07-23;8.650781369954494;8.686708214737708;8.5609651596389;8.622418403625488;22500
2020-07-24;8.546781271918183;8.595944216526123;8.471146111235546;8.518418312072754;26700
2020-07-27;8.556238330372702;8.603510544679347;8.471148524949243;8.575146675109863;175800
2020-07-28;8.575145940832787;8.575145940832787;8.442784834079065;8.499510765075684;48700
2020-07-29;8.537327976836735;8.669689979401582;8.508965012587973;8.55623722076416;49400
2020-07-30;8.594055218333741;8.707507982401614;8.527874664704754;8.698053359985352;26600
2020-07-31;8.698051932147791;8.74532413482666;8.66968897119738;8.74532413482666;19600
2020-08-03;8.78314293852474;8.802052182883791;8.726416107089983;8.773688316345215;34400
2020-08-04;8.792596709763222;8.81150505064994;8.67914395951598;8.688597679138184;17800
2020-08-05;8.679145845609478;8.830416212145524;8.631873630656337;8.783143997192383;46700
2020-08-06;8.707507550072023;8.849323272705078;8.707507550072023;8.849323272705078;62800
2020-08-07;8.754780639791623;8.79259822974492;8.669690836986089;8.704671859741211;24600
2020-08-10;8.688598737569091;8.726416325591716;8.660235771962729;8.698053359985352;36200
2020-08-11;8.707508127972073;8.83987013908527;8.707508127972073;8.811506271362305;15700
2020-08-12;8.741196402163755;8.807706122760521;8.741196402163755;8.769700050354004;24700
2020-08-13;8.836208015952481;8.878963932803233;8.750696182250977;8.750696182250977;26300
2020-08-14;8.817207445638724;8.817207445638724;8.734546224942157;8.807706832885742;8700
2020-08-17;8.769700297360096;8.875164795360616;8.760199685105512;8.864713668823242;13800
2020-08-18;8.855210142267003;8.855210142267003;8.722192539721963;8.750696182250977;6600
2020-08-19;8.693690299987793;8.783952915768893;8.693690299987793;8.693690299987793;30200
2020-08-20;8.617679413192809;8.731694912438979;8.617679413192809;8.646183967590332;36700
2020-08-21;8.617679413192809;8.693689746023589;8.608178801174942;8.646183967590332;13500
2020-08-24;8.646183798565826;8.71174209772339;8.617679244725538;8.665185928344727;17000
2020-08-25;8.627179819443901;8.6556834640532;8.551169496409424;8.603426933288574;42100
2020-08-26;8.541669080362029;8.655684579608199;8.541669080362029;8.646183967590332;27300
2020-08-27;8.617679413192809;8.655684579608199;8.541669080362029;8.646183967590332;37200
2020-08-28;8.617678931380375;8.674687130873465;8.560671638001875;8.579673767089844;21200
2020-08-31;8.646183450025168;8.712692260742188;8.560671604180666;8.712692260742188;37600
2020-09-01;8.741195574859056;8.75069709206142;8.598676441281802;8.744046211242676;14800
2020-09-02;8.760200144661987;8.855212614994786;8.646184636593802;8.807706832885742;42200
2020-09-03;8.674687909355628;8.80960657183496;8.608179092407227;8.608179092407227;49800
2020-09-04;8.674687096601808;8.801053836964144;8.475159758336162;8.712692260742188;26000
2020-09-08;8.646183362743104;8.65568397409635;8.58917516405073;8.598676681518555;34900
2020-09-09;8.693688499755044;8.69558952800074;8.598676050394234;8.684187889099121;24600
2020-09-10;8.73766481460017;8.782546745030713;8.651721331925396;8.766313552856445;18200
2020-09-11;8.84270709079929;8.84270709079929;8.651720083473817;8.670818328857422;18500
2020-09-14;8.742438538470978;8.765357162002656;8.689917679466948;8.72811508178711;8300
2020-09-15;8.75962732427836;8.814057912834338;8.661268314667868;8.680367469787598;21300
2020-09-16;8.74243830590801;8.74243830590801;8.65172004699707;8.65172004699707;32200
2020-09-17;8.632621765136719;8.661269591341169;8.565776533760344;8.632621765136719;15000
2020-09-18;8.65172004699707;8.65172004699707;8.594423489692055;8.65172004699707;15600
2020-09-21;8.498929566915553;8.670818328857422;8.498929566915553;8.670818328857422;27300
2020-09-22;8.699465714209486;8.775860513292722;8.670817892227733;8.680367469787598;17100
2020-09-23;8.737665595034562;8.757719167186297;8.54667854309082;8.54667854309082;25400
2020-09-24;8.610659387403453;8.623073112836815;8.398663447173107;8.45118522644043;32700
2020-09-25;8.412987304299286;8.509435688541158;8.374789897351079;8.441635131835938;35300
2020-09-28;8.498931853426978;8.547634168118682;8.422537029943896;8.479833602905273;109200
2020-09-29;8.527578968738835;8.527578968738835;8.403437176582626;8.412986755371094;38100
2020-09-30;8.393888035154873;8.470282848047226;8.384338455868827;8.403437614440918;258000
2020-10-01;8.527578826880346;8.556226652071228;8.460732687171031;8.537127494812012;27800
2020-10-02;8.659358382192767;8.661268115521263;8.47983069954479;8.62307071685791;22200
2020-10-05;8.53712779685792;8.814059212028866;8.53712779685792;8.632621765136719;14900
2020-10-06;8.785410496212302;8.82360789751635;8.518028687083955;8.65172004699707;68300
2020-10-07;8.689917887786189;8.689917887786189;8.565776099595194;8.642170906066895;61800
2020-10-08;8.651720083473817;8.8236079347178;8.642170505433073;8.670818328857422;17400
2020-10-09;8.69577562743447;8.71497112325856;8.590197196728559;8.618990898132324;51100
2020-10-12;8.657381548223219;8.734165342924241;8.657381548223219;8.66697883605957;37500
2020-10-13;8.676578844958748;8.753362655639648;8.676578844958748;8.753362655639648;40500
2020-10-14;8.734165784650292;8.801351379577808;8.71496937733667;8.762959480285645;39800
2020-10-15;8.772559065977486;8.78215635581118;8.676578844958748;8.753362655639648;30100
2020-10-16;8.756242567040747;8.80423267901227;8.703453352338549;8.70537281036377;45500
2020-10-19;8.76296036895989;8.76296036895989;8.61899004551257;8.63818645477295;89000
2020-10-20;8.6573836137275;8.72168957658102;8.652584510996823;8.70537281036377;26000
2020-10-21;8.6573836137275;8.754323109015527;8.6573836137275;8.70537281036377;37500
2020-10-22;8.810949674638268;8.810949674638268;8.646823685610471;8.6765775680542;26300
2020-10-23;8.647786042457444;8.70537344877828;8.618991423961706;8.628589630126953;41200
2020-10-26;8.6621812529635;8.6621812529635;8.571001052856445;8.571001052856445;39000
2020-10-27;8.59691575756728;8.686177421854794;8.59691575756728;8.618990898132324;38700
2020-10-28;8.618990513083714;8.618990513083714;8.513413002429685;8.523011207580566;113700
2020-10-29;8.523010151514491;8.571000255987336;8.503813743591309;8.503813743591309;39200
2020-10-30;8.513413368411362;8.523011573974859;8.475021461492634;8.494217872619629;48100
2020-11-02;8.61898945477492;8.61898945477492;8.540286195939;8.609392166137695;31800
2020-11-03;8.618989005804261;8.734165616802438;8.594994412458428;8.724567413330078;24500
2020-11-04;8.724568955468117;8.772559065977486;8.686177050127666;8.753362655639648;22900
2020-11-05;8.753362391852367;8.839744405099017;8.70057318034937;8.801352500915527;27800
2020-11-06;8.78215503692627;8.810949648108714;8.734165848959037;8.78215503692627;27700
2020-11-09;8.858939368380051;8.858939368380051;8.743763662735013;8.791753768920898;29200
2020-11-10;8.83612778080374;8.855421078120148;8.797542106125974;8.816835403442383;28500
2020-11-11;8.855421042919007;8.942239040587632;8.845774394299148;8.932592391967773;43000
2020-11-12;8.86506604702061;8.961530685424805;8.845773671312752;8.961530685424805;57600
2020-11-13;8.980824715112014;8.980824715112014;8.89400671744339;8.932592391967773;24900
2020-11-16;8.971177822162888;8.99047019892213;8.932592148689382;8.98082447052002;21200
2020-11-17;8.9422385415878;8.971177565877454;8.91329859734315;8.951884269714355;36300
2020-11-18;8.951883071861005;9.09658001385734;8.951883071861005;9.077286720275879;31300
2020-11-19;9.057995241180647;9.347387313842773;9.057995241180647;9.347387313842773;100400
2020-11-20;9.347387579869588;9.357034227887526;9.270216235636061;9.33774185180664;38200
2020-11-23;9.270215038778115;9.328093999458124;9.086933349875348;9.231629371643066;34200
2020-11-24;9.279862166017109;9.405265820687532;9.212337475023388;9.328094482421875;34600
2020-11-25;9.318447835149938;9.328094482421875;9.287579667825641;9.328094482421875;1900
2020-11-27;9.328095877978093;9.464110313023522;9.328095877978093;9.385973930358887;14500
2020-11-30;9.443853119173589;9.56346843813618;9.357035118657235;9.530671119689941;18400
2020-12-01;9.636780571190206;9.636780571190206;9.328095194561447;9.376327514648438;31000
2020-12-02;9.33774112969381;9.434204842548425;9.308801187878;9.328094482421875;26900
2020-12-03;9.376327737023251;9.42456005825415;9.347387792311705;9.405266761779785;19600
2020-12-04;9.44385123964133;9.521022575862625;9.404300538847085;9.453497886657715;16300
2020-12-07;9.45349955140989;9.511377603790683;9.38018649310283;9.385973930358887;20400
2020-12-08;9.357035118657235;9.530671119689941;9.357035118657235;9.530671119689941;25300
2020-12-09;9.501730894636895;9.636780282894316;9.483402631951249;9.617487907409668;65900
2020-12-10;9.574846235416102;9.594228034426433;9.476965886077098;9.50700855255127;23700
2020-12-11;9.50701005621218;9.691141334919172;9.468245527841276;9.536083221435547;41900
2020-12-14;9.55546502351137;9.6233036413249;9.536083221435547;9.536083221435547;4900
2020-12-15;9.54577383732105;9.691140576277538;9.526391112543285;9.662067413330078;29100
2020-12-16;9.613611649092482;9.662067537440127;9.52639123491056;9.652376174926758;21700
2020-12-17;9.62330283150281;9.662067356611598;9.584538306394025;9.594228744506836;35300
2020-12-18;9.632993698120117;9.662067786409395;9.603920534050062;9.632993698120117;10600
2020-12-21;9.50700882984487;9.642684199531814;9.458552944577043;9.555463790893555;34900
2020-12-22;9.497317467947475;9.587444545779642;9.487626106050083;9.555463790893555;28700
2020-12-23;9.574846391069144;9.594228190394555;9.507008707101512;9.565155029296875;62800
2020-12-24;9.555464219398049;9.594228744506836;9.555464219398049;9.594228744506836;9300
2020-12-28;9.59422770258674;9.671756744384764;9.565154542967251;9.671756744384766;332000
2020-12-29;9.652376299161542;9.671758100218543;9.62814881678549;9.642684936523438;22900
2020-12-30;9.632992223485752;9.681448105664288;9.632992223485752;9.671756744384766;35100
2020-12-31;9.671758527070896;9.681449890136719;9.632993999026857;9.681449890136719;22900
2021-01-04;9.681449032127297;9.681449032127297;9.545773658106885;9.603919982910156;53900
2021-01-05;9.611672950523124;9.623302399956168;9.536081991317909;9.555463790893555;49800
2021-01-06;9.555464644453819;9.681449587716358;9.51670011762067;9.632993698120117;30900
2021-01-07;9.681449213888657;9.681449213888657;9.647530369746756;9.662067413330078;21700
2021-01-08;9.681449338247665;9.758978389916217;9.603920286579113;9.652376174926758;66800
2021-01-11;9.613611649092482;9.671757975734296;9.613611649092482;9.652376174926758;12400
2021-01-12;9.63299206566158;9.710522030408455;9.61361026763916;9.61361026763916;54100
2021-01-13;9.67787138103933;9.755762551496268;9.66618868042196;9.746026039123535;34100
2021-01-14;9.736288492881831;9.746025004220671;9.707079887390137;9.707079887390137;22500
2021-01-15;9.746025004220671;9.746025004220671;9.687606864712457;9.707079887390137;15700
2021-01-19;9.736288439425529;9.784970067327622;9.599980067004637;9.687606811523438;37300
2021-01-20;9.677870829738833;9.755761995758695;9.677870829738833;9.716815948486328;13700
2021-01-21;9.687607393526287;9.746025536223351;9.687607393526287;9.736289024353027;39200
2021-01-22;9.73628889233218;9.73628889233218;9.619453537047177;9.677870750427246;44700
2021-01-25;9.716815498215611;9.736288520949428;9.677870381272806;9.72655200958252;26700
2021-01-26;9.755761515559511;9.755761515559511;9.697343376051297;9.707079887390137;36200
2021-01-27;9.707079834094204;9.804442161373565;9.65839820619211;9.687606811523438;130000
2021-01-28;9.687608092588915;9.775234848695264;9.687608092588915;9.73142147064209;12900
2021-01-29;9.74602540407048;9.74602540407048;9.648662143737212;9.677870750427246;47500
2021-02-01;9.75576114654541;9.794706261902835;9.726551613633747;9.75576114654541;24500
2021-02-02;9.83365289680025;9.83365289680025;9.716816604149116;9.804443359375;56900
2021-02-03;9.814178754835037;9.848255616094388;9.702211659690077;9.72655200958252;57200
2021-02-04;9.72655200958252;9.775233637892233;9.72655200958252;9.72655200958252;32000
2021-02-05;9.755761472152724;9.979695660800727;9.755761472152724;9.911541938781738;48500
2021-02-08;9.823915984259312;9.862861104048724;9.794707376548478;9.83365249633789;128000
2021-02-09;9.853124167966872;9.911542309399568;9.804442538193769;9.862860679626465;69500
2021-02-10;9.89807120315454;9.966535824834812;9.819825654731225;9.917633056640625;37400
2021-02-11;9.966535868043207;9.995878648399547;9.88829031928067;9.907852172851562;45000
2021-02-12;9.93719417124084;9.93719417124084;9.790483998274937;9.878510475158691;46000
2021-02-16;9.849167823791504;9.907852453405399;9.83449736595844;9.849167823791504;37500
2021-02-17;9.888289599365846;9.898070525439193;9.810044056299958;9.85894775390625;40100
2021-02-18;9.839387067550236;9.90785168616425;9.74157967002124;9.810044288635254;26800
2021-02-19;9.888291314966494;9.976317799378165;9.800265763315435;9.898072242736816;49500
2021-02-22;9.90785175029036;9.956755449371375;9.800264358520508;9.800264358520508;59700
2021-02-23;9.800264358520508;9.868728977577643;9.731798806702896;9.800264358520508;63600
2021-02-24;9.83938789367676;9.956756220909654;9.829606966550546;9.839387893676758;77100
2021-02-25;9.868729149771838;9.913719919434268;9.761140823364258;9.761140823364258;64300
2021-02-26;9.790485228046279;9.868730787824498;9.790485228046279;9.81982707977295;46400
2021-03-01;9.946975751795328;10.005659451733612;9.893181582884742;9.93719482421875;38700
2021-03-02;9.976316558469495;10.025220258477583;9.858948238106382;9.956755638122559;70500
2021-03-03;9.907852779531352;10.054562959254369;9.907852779531352;9.976317405700684;62300
2021-03-04;9.976316218477272;10.035000843039109;9.761140505431161;9.829606056213379;84600
2021-03-05;9.858949118494841;9.97631744933876;9.751361715078062;9.966536521911621;31400
2021-03-08;9.966536521911621;10.00663776470654;9.938173138237731;9.966536521911621;40900
2021-03-09;10.211052381492213;10.259956077584079;10.044781307196535;10.123026847839355;99100
2021-03-10;10.286111996703394;10.364706853817157;10.178043365478516;10.178043365478516;96000
2021-03-11;10.315585017194348;10.315585017194348;10.128922462463377;10.128922462463379;50800
2021-03-12;10.16821989750403;10.227165572958038;9.961908159565773;10.011029243469238;48000
2021-03-15;10.040502692076766;10.148570384849586;10.030678100845257;10.109272956848145;33300
2021-03-16;10.138745793618078;10.207516995314045;10.099448365616636;10.109272956848145;39000
2021-03-17;10.0699764723487;10.20751795170293;10.0699764723487;10.168220520019531;53200
2021-03-18;10.00120574978421;10.17804371591655;9.981556566366931;10.020853996276855;57500
2021-03-19;10.069975528846701;10.187867812851028;10.069975528846701;10.109272956848145;52200
2021-03-22;10.17804371591655;10.236990329243753;9.93243454474837;10.020853996276855;71100
2021-03-23;9.981555776844619;10.069975221379293;9.971731185913086;9.971731185913086;23100
2021-03-24;9.952083405639803;10.089624874329427;9.952083405639803;10.060151100158691;42000
2021-03-25;10.069975852966309;10.200640297162176;9.991380994433712;10.069975852966309;46800
2021-03-26;10.138745957431446;10.138745957431446;10.001205425666425;10.060151100158691;10000
2021-03-29;10.06015142618678;10.089625201312698;10.011029404568216;10.020853996276855;9400
2021-03-30;10.03067795712703;10.207516849062094;10.03067795712703;10.040502548217773;283000
2021-03-31;10.079800262548611;10.197692548219257;10.042467564880882;10.178043365478516;43500
2021-04-01;10.119097870918427;10.286112179484114;10.060151258573342;10.128922462463379;50700
2021-04-05;10.128921831715283;10.168219258523338;10.06997522304092;10.089624404907227;25900
2021-04-06;10.128922120806141;10.286111832524734;10.128922120806141;10.227165222167969;21800
2021-04-07;10.276286932808246;10.286111523726861;10.188850322251502;10.20751667022705;17200
2021-04-08;10.266463279724121;10.266463279724121;10.119098150181408;10.266463279724121;30600
2021-04-09;10.311855461556357;10.351326641711832;10.213177981701252;10.282252311706543;29300
2021-04-12;10.351326495761052;10.351326495761052;10.272384136563165;10.31185531616211;14900
2021-04-13;10.262516021728514;10.361194440445328;10.25264893271055;10.262516021728516;33300
2021-04-14;10.23291281350907;10.46973988778265;10.223044783480887;10.341458320617676;35300
2021-04-15;10.331590707664095;10.331590707664095;10.213177176532943;10.25264835357666;35200
2021-04-16;10.311854648608689;10.311854648608689;10.163837969961525;10.25264835357666;26700
2021-04-19;10.2822520089406;10.301987127903645;10.193441620939057;10.213177680969238;38400
2021-04-20;10.23291265554895;10.283238102208417;10.163838328552204;10.242780685424805;20300
2021-04-21;10.183573747198757;10.351326495761052;10.183573747198757;10.31185531616211;21200
2021-04-22;10.361194672017493;10.361194672017493;10.272384281400882;10.282252311706543;15600
2021-04-23;10.341458037190659;10.371062126463855;10.262515681263029;10.336524963378906;22600
2021-04-26;10.371062105120387;10.371062105120387;10.183573304377779;10.272383689880371;36400
2021-04-27;10.331590783135299;10.341457871667988;10.21317725113915;10.301986694335938;20800
2021-04-28;10.36119416252853;10.400665340743098;10.272383776278977;10.321722984313965;29400
2021-04-29;10.450004315131448;10.450004315131448;10.272383546603676;10.301986694335938;17900
2021-04-30;10.282251576203462;10.361193930867561;10.272383546603676;10.301986694335938;21600
2021-05-03;10.499343815794322;10.499343815794322;10.213177536864361;10.242780685424805;58200
2021-05-04;10.213177306860256;10.287185647128236;10.213177306860256;10.223044395446777;6300
2021-05-05;10.183572769165039;10.213176856821423;10.16383765179451;10.183572769165039;26700
2021-05-06;10.203309506988505;10.242780685424806;10.163838328552204;10.242780685424805;38600
2021-05-07;10.232912872540329;10.282252081898735;10.193441693267033;10.262516021728516;17200
2021-05-10;10.212190127468052;10.29211966195505;10.17370612931286;10.223044395446777;28300
2021-05-11;10.134234877429629;10.311854704556499;10.134234877429629;10.1737060546875;35000
2021-05-12;10.189564579327982;10.189564579327982;9.862467729024438;9.941763877868652;54400
2021-05-13;9.941764328616474;10.065664684963634;9.941764328616474;10.001236915588379;45000
2021-05-14;9.981412150441258;10.179653471771926;9.981412150441258;10.030972480773926;22800
2021-05-17;10.070620038449793;10.17965294863535;10.070620038449793;10.13009262084961;18800
2021-05-18;10.159829390647934;10.159829390647934;10.0507974155386;10.081523895263672;15300
2021-05-19;10.040884716775102;10.11026861193789;10.032954723634493;10.0706205368042;24100
2021-05-20;10.030972828216495;10.358069696343197;10.01213992094346;10.28868579864502;54400
2021-05-21;10.348156773367306;10.348156773367306;10.110268329217401;10.17965316772461;56900
2021-05-24;10.258949544952237;10.268860854716408;10.110268555073633;10.18956470489502;34900
2021-05-25;10.149916403242386;10.348156773367306;10.149916403242386;10.17965316772461;44400
2021-05-26;10.249037487365538;10.278773307800293;10.169741336016399;10.278773307800293;18200
2021-05-27;10.219301470041543;10.338245694773624;10.17469726760643;10.18956470489502;32200
2021-05-28;10.249037487365538;10.278773307800293;10.130093260341829;10.278773307800293;33000
2021-06-01;10.387805538289365;10.387805538289365;10.179653844777434;10.249037742614746;26000
2021-06-02;10.268860607235359;10.268860607235359;10.209388968944928;10.219301223754883;24600
2021-06-03;10.239125034854554;10.258949544952237;10.140004374935486;10.18956470489502;28300
2021-06-04;10.258949762287683;10.258949762287683;10.140004589751083;10.23912525177002;22900
2021-06-07;10.258950190707294;10.348157655908064;10.140005013203476;10.33824634552002;31900
2021-06-08;10.348157223763097;10.377893989539592;10.179653610786408;10.23912525177002;31100
2021-06-09;10.338245409632583;10.367981228674287;10.242098617936941;10.29859733581543;16300
2021-06-10;10.314526865722081;10.443956375122072;10.314526865722081;10.44395637512207;6800
2021-06-11;10.443956280375174;10.453912615505248;10.404131889343262;10.404131889343262;7200
2021-06-14;10.414088273892505;10.442961266111379;10.324483156273391;10.424044609069824;21000
2021-06-15;10.414088129271363;10.473825190017326;10.304571292306859;10.364307403564453;24500
2021-06-16;10.324483037601707;10.404131819128002;10.324483037601707;10.374263763427734;10700
2021-06-17;10.394175434273546;10.473825164906664;10.344395658174353;10.354351043701172;27600
2021-06-18;10.43399975374126;10.463868758583267;10.26474680707835;10.324482917785645;13300
2021-06-21;10.414088058442923;10.414088058442923;10.294614887251928;10.334439277648926;20900
2021-06-22;10.394175363440276;10.394175363440276;10.304571197379333;10.324482917785645;19000
2021-06-23;10.304571101716649;10.32448282193811;10.234877707220658;10.284658432006836;60200
2021-06-24;10.34439556269222;10.354350948127147;10.264746782282653;10.314526557922363;35300
2021-06-25;10.274702192537326;10.354350973139292;10.274702192537326;10.324482917785645;13000
2021-06-28;10.32448322528026;10.473825405473084;10.32448322528026;10.453912734985352;37300
2021-06-29;10.394175578899105;10.453912640333039;10.384220193233766;10.414088249206543;19100
2021-06-30;10.443956255523512;10.473825260842656;10.355347151848818;10.39417552947998;21800
2021-07-01;10.563429623862783;10.563429623862783;10.364307665491308;10.473825454711914;46600
2021-07-02;10.443956387437641;10.533561505550097;10.404131995997483;10.448934555053711;21200
2021-07-06;10.59329857993431;10.59329857993431;10.434000064497619;10.453912734985352;22300
2021-07-07;10.458891045390288;10.543517997141684;10.394175814910067;10.513649940490723;14200
2021-07-08;10.513649747345456;10.513649747345456;10.394175623959647;10.434000015258789;32700
2021-07-09;10.524999618530273;10.600000381469727;10.40999984741211;10.40999984741211;18300
2021-07-12;10.380000114440918;10.449999809265137;10.369999885559082;10.369999885559082;14100
2021-07-13;10.40999984741211;10.460000038146973;10.399999618530273;10.460000038146973;18100
2021-07-14;10.513999938964844;10.600000381469727;10.34000015258789;10.359999656677246;38300
2021-07-15;10.5;10.600000381469727;10.437999725341797;10.510000228881836;39000
2021-07-16;10.5;10.5;10.300000190734863;10.329999923706055;27600
2021-07-19;10.260000228881836;10.399999618530273;10.260000228881836;10.34000015258789;23400
2021-07-20;10.359999656677246;10.5;10.350000381469727;10.390000343322754;14800
