date,1. open,2. high,3. low,4. close,5. volume,Ticker
2023-07-07 16:00:00,44.41,44.43,44.41,44.43,20356.0,CNXN
2023-07-07 15:59:00,44.41,44.42,44.41,44.41,2163.0,CNXN
2023-07-07 15:58:00,44.46,44.46,44.46,44.46,154.0,CNXN
2023-07-07 15:56:00,44.46,44.46,44.44,44.44,510.0,CNXN
2023-07-07 15:55:00,44.5,44.5,44.44,44.44,269.0,CNXN
2023-07-07 15:51:00,44.47,44.47,44.47,44.47,446.0,CNXN
2023-07-07 15:50:00,44.41,44.41,44.41,44.41,288.0,CNXN
2023-07-07 15:49:00,44.51,44.51,44.51,44.51,224.0,CNXN
2023-07-07 15:45:00,44.575,44.575,44.575,44.575,164.0,CNXN
2023-07-07 15:40:00,44.56,44.56,44.56,44.56,274.0,CNXN
2023-07-07 15:33:00,44.62,44.62,44.62,44.62,173.0,CNXN
2023-07-07 15:30:00,44.65,44.65,44.65,44.65,146.0,CNXN
2023-07-07 15:24:00,44.65,44.65,44.65,44.65,371.0,CNXN
2023-07-07 15:23:00,44.655,44.67,44.655,44.67,486.0,CNXN
2023-07-07 15:13:00,44.76,44.76,44.71,44.71,859.0,CNXN
2023-07-07 14:53:00,44.72,44.72,44.72,44.72,129.0,CNXN
2023-07-07 14:48:00,44.77,44.77,44.77,44.77,131.0,CNXN
2023-07-07 14:23:00,44.705,44.705,44.705,44.705,106.0,CNXN
2023-07-07 14:14:00,44.68,44.68,44.68,44.68,100.0,CNXN
2023-07-07 14:06:00,44.65,44.65,44.65,44.65,106.0,CNXN
2023-07-07 13:54:00,44.76,44.76,44.76,44.76,531.0,CNXN
2023-07-07 13:41:00,44.86,44.86,44.82,44.82,395.0,CNXN
2023-07-07 13:40:00,44.8,44.86,44.8,44.81,754.0,CNXN
2023-07-07 13:05:00,44.83,44.83,44.83,44.83,101.0,CNXN
2023-07-07 13:01:00,44.825,44.83,44.825,44.83,301.0,CNXN
2023-07-07 13:00:00,44.8,44.8,44.8,44.8,110.0,CNXN
2023-07-07 12:59:00,44.91,44.91,44.91,44.91,131.0,CNXN
2023-07-07 12:43:00,44.815,44.815,44.775,44.78,438.0,CNXN
2023-07-07 12:25:00,44.79,44.805,44.75,44.805,778.0,CNXN
2023-07-07 12:12:00,44.7,44.7,44.7,44.7,108.0,CNXN
2023-07-07 12:06:00,44.755,44.755,44.755,44.755,118.0,CNXN
2023-07-07 11:56:00,44.73,44.73,44.73,44.73,178.0,CNXN
2023-07-07 11:41:00,44.845,44.845,44.845,44.845,107.0,CNXN
2023-07-07 11:23:00,44.95,44.95,44.81,44.81,288.0,CNXN
2023-07-07 11:11:00,44.86,44.86,44.86,44.86,170.0,CNXN
2023-07-07 11:09:00,44.98,44.98,44.955,44.955,1139.0,CNXN
2023-07-07 11:02:00,45.015,45.09,45.0,45.05,1548.0,CNXN
2023-07-07 10:57:00,45.03,45.03,45.01,45.01,260.0,CNXN
2023-07-07 10:56:00,45.0,45.0,45.0,45.0,110.0,CNXN
2023-07-07 10:54:00,44.985,44.985,44.985,44.985,509.0,CNXN
2023-07-07 10:49:00,44.88,44.88,44.88,44.88,117.0,CNXN
2023-07-07 10:42:00,44.97,44.97,44.97,44.97,100.0,CNXN
2023-07-07 10:37:00,44.94,44.94,44.94,44.94,205.0,CNXN
2023-07-07 10:28:00,44.9,44.9,44.9,44.9,234.0,CNXN
2023-07-07 10:27:00,44.875,44.875,44.875,44.875,135.0,CNXN
2023-07-07 10:14:00,44.89,44.89,44.89,44.89,103.0,CNXN
2023-07-07 09:51:00,44.927,44.927,44.862,44.862,595.0,CNXN
2023-07-07 09:50:00,44.93,44.93,44.93,44.93,144.0,CNXN
2023-07-07 09:41:00,45.005,45.005,45.005,45.005,111.0,CNXN
2023-07-07 09:30:00,44.74,44.74,44.74,44.74,357.0,CNXN
2023-07-06 16:25:00,44.61,44.61,44.61,44.61,21.0,CNXN
2023-07-06 16:02:00,44.61,44.61,44.61,44.61,2241.0,CNXN
2023-07-06 16:01:00,44.61,44.61,44.61,44.61,164.0,CNXN
2023-07-06 16:00:00,44.62,44.62,44.61,44.61,16994.0,CNXN
2023-07-06 15:59:00,44.64,44.65,44.51,44.62,3920.0,CNXN
2023-07-06 15:58:00,44.64,44.64,44.64,44.64,373.0,CNXN
2023-07-06 15:57:00,44.6,44.67,44.6,44.64,1106.0,CNXN
2023-07-06 15:56:00,44.6,44.625,44.59,44.59,939.0,CNXN
2023-07-06 15:55:00,44.667,44.67,44.59,44.605,1089.0,CNXN
2023-07-06 15:53:00,44.66,44.66,44.655,44.655,671.0,CNXN
2023-07-06 15:51:00,44.575,44.69,44.575,44.69,1604.0,CNXN
2023-07-06 15:50:00,44.56,44.56,44.56,44.56,154.0,CNXN
2023-07-06 15:49:00,44.55,44.55,44.495,44.495,481.0,CNXN
2023-07-06 15:47:00,44.56,44.56,44.56,44.56,102.0,CNXN
2023-07-06 15:46:00,44.54,44.54,44.54,44.54,689.0,CNXN
2023-07-06 15:44:00,44.635,44.635,44.635,44.635,140.0,CNXN
2023-07-06 15:40:00,44.6,44.6,44.6,44.6,214.0,CNXN
2023-07-06 15:39:00,44.6,44.6,44.6,44.6,141.0,CNXN
2023-07-06 15:38:00,44.66,44.66,44.605,44.64,533.0,CNXN
2023-07-06 15:36:00,44.66,44.66,44.66,44.66,205.0,CNXN
2023-07-06 15:35:00,44.685,44.685,44.685,44.685,124.0,CNXN
2023-07-06 15:31:00,44.67,44.67,44.62,44.62,1237.0,CNXN
2023-07-06 15:30:00,44.7,44.7,44.67,44.675,455.0,CNXN
2023-07-06 15:26:00,44.69,44.69,44.69,44.69,139.0,CNXN
2023-07-06 15:22:00,44.69,44.69,44.69,44.69,230.0,CNXN
2023-07-06 15:13:00,44.66,44.66,44.66,44.66,400.0,CNXN
2023-07-06 15:11:00,44.695,44.695,44.695,44.695,103.0,CNXN
2023-07-06 15:03:00,44.66,44.66,44.66,44.66,209.0,CNXN
2023-07-06 15:02:00,44.68,44.68,44.68,44.68,104.0,CNXN
2023-07-06 14:40:00,44.68,44.68,44.635,44.635,300.0,CNXN
2023-07-06 14:34:00,44.61,44.61,44.61,44.61,280.0,CNXN
2023-07-06 14:11:00,44.52,44.52,44.52,44.52,100.0,CNXN
2023-07-06 14:10:00,44.54,44.54,44.54,44.54,234.0,CNXN
2023-07-06 13:48:00,44.56,44.56,44.56,44.56,114.0,CNXN
2023-07-06 13:42:00,44.65,44.65,44.65,44.65,105.0,CNXN
2023-07-06 13:38:00,44.635,44.635,44.635,44.635,105.0,CNXN
2023-07-06 13:37:00,44.635,44.635,44.635,44.635,122.0,CNXN
2023-07-06 13:26:00,44.585,44.585,44.585,44.585,103.0,CNXN
2023-07-06 13:16:00,44.56,44.56,44.56,44.56,218.0,CNXN
2023-07-06 12:58:00,44.385,44.385,44.385,44.385,356.0,CNXN
2023-07-06 12:57:00,44.35,44.35,44.34,44.35,1048.0,CNXN
2023-07-06 12:47:00,44.44,44.44,44.38,44.43,971.0,CNXN
2023-07-06 12:38:00,44.41,44.41,44.4,44.4,334.0,CNXN
2023-07-06 12:37:00,44.42,44.43,44.39,44.39,743.0,CNXN
2023-07-06 12:27:00,44.3,44.36,44.3,44.36,1036.0,CNXN
2023-07-06 12:17:00,44.33,44.33,44.33,44.33,159.0,CNXN
2023-07-06 12:13:00,44.42,44.42,44.34,44.365,995.0,CNXN
2023-07-06 11:52:00,44.4,44.4,44.38,44.4,765.0,CNXN
2023-07-06 11:47:00,44.385,44.385,44.385,44.385,129.0,CNXN
2023-07-06 11:41:00,44.385,44.385,44.385,44.385,102.0,CNXN
2023-07-06 11:33:00,44.34,44.34,44.32,44.32,424.0,CNXN
2023-07-06 11:32:00,44.35,44.405,44.35,44.405,1428.0,CNXN
2023-07-06 11:24:00,44.26,44.26,44.26,44.26,102.0,CNXN
2023-07-06 11:08:00,44.36,44.36,44.36,44.36,100.0,CNXN
2023-07-06 10:55:00,44.36,44.36,44.36,44.36,249.0,CNXN
2023-07-06 10:39:00,44.3,44.33,44.3,44.33,1422.0,CNXN
2023-07-06 10:38:00,44.08,44.08,44.08,44.08,277.0,CNXN
2023-07-06 10:37:00,44.04,44.04,44.02,44.02,386.0,CNXN
2023-07-06 10:36:00,44.01,44.06,44.01,44.03,1267.0,CNXN
2023-07-06 10:29:00,44.18,44.18,44.18,44.18,549.0,CNXN
2023-07-06 10:23:00,44.22,44.22,44.22,44.22,127.0,CNXN
2023-07-06 10:12:00,44.42,44.42,44.42,44.42,246.0,CNXN
2023-07-06 10:04:00,44.525,44.525,44.4,44.4,549.0,CNXN
2023-07-06 10:03:00,44.63,44.63,44.63,44.63,598.0,CNXN
2023-07-06 10:02:00,44.83,44.83,44.83,44.83,104.0,CNXN
2023-07-06 09:52:00,44.625,44.657,44.625,44.625,329.0,CNXN
2023-07-06 09:44:00,44.79,44.79,44.79,44.79,187.0,CNXN
2023-07-06 09:40:00,44.62,44.62,44.62,44.62,100.0,CNXN
2023-07-06 09:30:00,44.58,44.58,44.58,44.58,210.0,CNXN
2023-07-05 16:05:00,44.95,44.95,44.95,44.95,4200.0,CNXN
2023-07-05 16:01:00,44.95,44.95,44.95,44.95,155.0,CNXN
2023-07-05 16:00:00,44.95,44.95,44.95,44.95,30652.0,CNXN
2023-07-05 15:59:00,44.9,44.97,44.88,44.95,4144.0,CNXN
2023-07-05 15:57:00,44.9,44.9,44.9,44.9,542.0,CNXN
2023-07-05 15:56:00,44.92,44.945,44.91,44.91,583.0,CNXN
2023-07-05 15:54:00,44.9,44.92,44.9,44.92,1043.0,CNXN
2023-07-05 15:53:00,44.89,44.97,44.89,44.97,572.0,CNXN
2023-07-05 15:52:00,44.88,44.88,44.88,44.88,182.0,CNXN
2023-07-05 15:50:00,44.96,45.0,44.9,44.93,1068.0,CNXN
2023-07-05 15:49:00,45.04,45.04,45.04,45.04,1225.0,CNXN
2023-07-05 15:48:00,45.035,45.035,45.035,45.035,180.0,CNXN
2023-07-05 15:46:00,45.035,45.035,45.035,45.035,207.0,CNXN
2023-07-05 15:41:00,44.94,45.0,44.94,45.0,1878.0,CNXN
2023-07-05 15:40:00,44.855,44.855,44.855,44.855,178.0,CNXN
2023-07-05 15:39:00,44.855,44.855,44.855,44.855,102.0,CNXN
2023-07-05 15:38:00,44.895,44.895,44.895,44.895,156.0,CNXN
2023-07-05 15:37:00,44.93,44.93,44.895,44.895,839.0,CNXN
2023-07-05 15:35:00,45.01,45.01,45.005,45.005,205.0,CNXN
2023-07-05 15:34:00,45.01,45.01,45.01,45.01,1107.0,CNXN
2023-07-05 15:31:00,44.98,44.98,44.98,44.98,154.0,CNXN
2023-07-05 15:29:00,45.05,45.05,45.05,45.05,109.0,CNXN
2023-07-05 15:26:00,45.05,45.05,45.04,45.04,368.0,CNXN
2023-07-05 15:25:00,45.18,45.18,45.18,45.18,205.0,CNXN
2023-07-05 15:21:00,45.29,45.29,45.21,45.21,470.0,CNXN
2023-07-05 15:06:00,45.355,45.355,45.355,45.355,117.0,CNXN
2023-07-05 14:53:00,45.345,45.345,45.345,45.345,101.0,CNXN
2023-07-05 14:35:00,45.29,45.29,45.29,45.29,138.0,CNXN
2023-07-05 14:33:00,45.32,45.32,45.32,45.32,377.0,CNXN
2023-07-05 14:01:00,45.41,45.41,45.41,45.41,265.0,CNXN
2023-07-05 13:57:00,45.35,45.35,45.35,45.35,353.0,CNXN
2023-07-05 13:39:00,45.26,45.26,45.26,45.26,266.0,CNXN
2023-07-05 13:36:00,45.2,45.2,45.2,45.2,416.0,CNXN
2023-07-05 13:34:00,45.17,45.17,45.17,45.17,187.0,CNXN
2023-07-05 13:31:00,45.18,45.2,45.18,45.2,642.0,CNXN
2023-07-05 13:28:00,45.18,45.18,45.18,45.18,149.0,CNXN
2023-07-05 12:40:00,45.06,45.06,45.06,45.06,213.0,CNXN
2023-07-05 12:37:00,45.32,45.32,45.32,45.32,711.0,CNXN
2023-07-05 11:59:00,45.3,45.3,45.3,45.3,300.0,CNXN
2023-07-05 11:57:00,45.36,45.36,45.36,45.36,457.0,CNXN
2023-07-05 11:43:00,45.43,45.43,45.43,45.43,101.0,CNXN
2023-07-05 11:32:00,45.28,45.28,45.28,45.28,109.0,CNXN
2023-07-05 11:27:00,45.4,45.4,45.39,45.39,552.0,CNXN
2023-07-05 11:26:00,45.36,45.37,45.36,45.37,560.0,CNXN
2023-07-05 11:23:00,45.31,45.31,45.31,45.31,199.0,CNXN
2023-07-05 11:22:00,44.98,45.35,44.98,45.35,2399.0,CNXN
2023-07-05 11:09:00,44.91,44.91,44.905,44.905,366.0,CNXN
2023-07-05 11:02:00,44.9,44.9,44.9,44.9,170.0,CNXN
2023-07-05 10:58:00,44.9,44.9,44.9,44.9,161.0,CNXN
2023-07-05 10:50:00,44.92,44.92,44.92,44.92,128.0,CNXN
2023-07-05 10:47:00,45.0,45.0,44.96,44.96,389.0,CNXN
2023-07-05 10:15:00,45.07,45.07,45.07,45.07,163.0,CNXN
2023-07-05 10:12:00,45.065,45.065,45.065,45.065,112.0,CNXN
2023-07-05 10:04:00,44.945,44.945,44.945,44.945,108.0,CNXN
2023-07-05 09:59:00,45.07,45.07,45.07,45.07,233.0,CNXN
2023-07-05 09:50:00,45.07,45.07,45.07,45.07,532.0,CNXN
2023-07-05 09:43:00,45.07,45.07,45.07,45.07,111.0,CNXN
2023-07-05 09:32:00,45.04,45.04,45.04,45.04,201.0,CNXN
2023-07-05 09:30:00,45.43,45.43,45.43,45.43,1058.0,CNXN
2023-07-03 13:00:00,45.36,45.42,45.36,45.42,6860.0,CNXN
2023-07-03 12:59:00,45.42,45.42,45.36,45.36,1104.0,CNXN
2023-07-03 12:58:00,45.4,45.4,45.4,45.4,513.0,CNXN
2023-07-03 12:56:00,45.47,45.47,45.42,45.42,388.0,CNXN
2023-07-03 12:55:00,45.34,45.34,45.34,45.34,315.0,CNXN
2023-07-03 12:53:00,45.465,45.465,45.465,45.465,225.0,CNXN
2023-07-03 12:48:00,45.3,45.36,45.3,45.36,258.0,CNXN
2023-07-03 12:47:00,45.33,45.33,45.33,45.33,224.0,CNXN
2023-07-03 12:43:00,45.36,45.36,45.36,45.36,154.0,CNXN
2023-07-03 12:41:00,45.28,45.28,45.28,45.28,103.0,CNXN
2023-07-03 12:38:00,45.35,45.35,45.35,45.35,279.0,CNXN
2023-07-03 12:35:00,45.3,45.3,45.3,45.3,100.0,CNXN
2023-07-03 12:32:00,45.29,45.29,45.29,45.29,749.0,CNXN
2023-07-03 12:26:00,45.28,45.28,45.28,45.28,223.0,CNXN
2023-07-03 12:23:00,45.24,45.26,45.239,45.26,659.0,CNXN
2023-07-03 12:18:00,45.218,45.218,45.218,45.218,150.0,CNXN
2023-07-03 12:17:00,45.29,45.29,45.22,45.22,643.0,CNXN
2023-07-03 12:02:00,45.263,45.263,45.263,45.263,125.0,CNXN
2023-07-03 11:57:00,45.24,45.24,45.24,45.24,207.0,CNXN
2023-07-03 11:50:00,45.29,45.29,45.24,45.24,523.0,CNXN
2023-07-03 11:48:00,45.325,45.365,45.325,45.365,217.0,CNXN
2023-07-03 11:38:00,45.36,45.36,45.36,45.36,100.0,CNXN
2023-07-03 11:37:00,45.34,45.34,45.34,45.34,433.0,CNXN
2023-07-03 11:36:00,45.32,45.32,45.32,45.32,125.0,CNXN
2023-07-03 11:31:00,45.29,45.29,45.29,45.29,123.0,CNXN
2023-07-03 11:22:00,45.255,45.255,45.255,45.255,211.0,CNXN
2023-07-03 11:21:00,45.255,45.255,45.255,45.255,100.0,CNXN
2023-07-03 11:20:00,45.32,45.33,45.3,45.33,693.0,CNXN
2023-07-03 11:18:00,45.41,45.41,45.33,45.355,995.0,CNXN
2023-07-03 11:17:00,45.47,45.47,45.46,45.46,313.0,CNXN
2023-07-03 11:16:00,45.53,45.53,45.53,45.53,150.0,CNXN
2023-07-03 11:09:00,45.51,45.51,45.5,45.5,566.0,CNXN
2023-07-03 11:02:00,45.47,45.47,45.47,45.47,228.0,CNXN
2023-07-03 10:59:00,45.44,45.44,45.44,45.44,117.0,CNXN
2023-07-03 10:57:00,45.42,45.42,45.42,45.42,341.0,CNXN
2023-07-03 10:52:00,45.34,45.34,45.34,45.34,105.0,CNXN
2023-07-03 10:49:00,45.31,45.35,45.31,45.35,583.0,CNXN
2023-07-03 10:42:00,45.37,45.37,45.37,45.37,128.0,CNXN
2023-07-03 10:40:00,45.3,45.3,45.3,45.3,334.0,CNXN
2023-07-03 10:36:00,45.32,45.32,45.32,45.32,100.0,CNXN
2023-07-03 10:31:00,45.25,45.3,45.155,45.3,1035.0,CNXN
2023-07-03 10:28:00,45.16,45.16,45.16,45.16,271.0,CNXN
2023-07-03 10:22:00,45.12,45.12,45.12,45.12,597.0,CNXN
2023-07-03 10:16:00,45.4,45.4,45.4,45.4,122.0,CNXN
2023-07-03 09:36:00,45.18,45.18,45.18,45.18,100.0,CNXN
2023-07-03 09:32:00,45.09,45.09,45.09,45.09,110.0,CNXN
2023-07-03 09:31:00,45.34,45.34,45.34,45.34,167.0,CNXN
2023-07-03 09:30:00,45.01,45.01,45.01,45.01,354.0,CNXN
2023-06-30 18:16:00,45.1,45.1,45.1,45.1,17.0,CNXN
2023-06-30 16:04:00,45.1,45.1,45.1,45.1,900.0,CNXN
2023-06-30 16:03:00,45.1,45.1,45.1,45.1,174.0,CNXN
2023-06-30 16:01:00,45.1,45.1,45.1,45.1,1069.0,CNXN
2023-06-30 16:00:00,45.13,45.13,45.1,45.1,31657.0,CNXN
2023-06-30 15:59:00,45.225,45.225,45.13,45.13,1360.0,CNXN
2023-06-30 15:50:00,45.29,45.29,45.29,45.29,295.0,CNXN
2023-06-30 15:49:00,45.21,45.21,45.21,45.21,175.0,CNXN
2023-06-30 15:46:00,45.275,45.275,45.23,45.23,895.0,CNXN
2023-06-30 15:35:00,45.28,45.28,45.28,45.28,103.0,CNXN
2023-06-30 15:32:00,45.28,45.28,45.28,45.28,133.0,CNXN
2023-06-30 15:11:00,45.32,45.32,45.32,45.32,109.0,CNXN
2023-06-30 15:05:00,45.38,45.38,45.38,45.38,282.0,CNXN
2023-06-30 14:55:00,45.42,45.42,45.42,45.42,180.0,CNXN
2023-06-30 14:38:00,45.48,45.48,45.48,45.48,697.0,CNXN
2023-06-30 14:30:00,45.4,45.4,45.4,45.4,128.0,CNXN
2023-06-30 14:14:00,45.42,45.48,45.42,45.48,824.0,CNXN
2023-06-30 14:07:00,45.38,45.38,45.38,45.38,103.0,CNXN
2023-06-30 13:52:00,45.39,45.405,45.38,45.405,674.0,CNXN
2023-06-30 13:43:00,45.42,45.45,45.42,45.45,254.0,CNXN
2023-06-30 13:01:00,45.54,45.54,45.54,45.54,100.0,CNXN
2023-06-30 12:38:00,45.58,45.58,45.58,45.58,171.0,CNXN
2023-06-30 12:23:00,45.58,45.58,45.56,45.57,716.0,CNXN
2023-06-30 11:43:00,45.57,45.57,45.57,45.57,298.0,CNXN
2023-06-30 10:57:00,45.41,45.41,45.41,45.41,298.0,CNXN
2023-06-30 10:27:00,45.43,45.43,45.43,45.43,100.0,CNXN
2023-06-30 10:14:00,45.44,45.45,45.32,45.33,2513.0,CNXN
2023-06-30 10:13:00,45.59,45.59,45.41,45.41,235.0,CNXN
2023-06-30 10:12:00,45.37,45.37,45.37,45.37,170.0,CNXN
2023-06-30 10:11:00,45.38,45.51,45.35,45.51,1738.0,CNXN
2023-06-30 09:45:00,45.76,45.76,45.76,45.76,113.0,CNXN
2023-06-30 09:38:00,45.62,45.62,45.62,45.62,109.0,CNXN
2023-06-30 09:33:00,45.57,45.57,45.57,45.57,100.0,CNXN
2023-06-30 09:30:00,45.54,45.9,45.54,45.9,1035.0,CNXN
2023-06-29 16:27:00,45.14,45.14,45.14,45.14,54.0,CNXN
2023-06-29 16:01:00,45.14,45.14,45.14,45.14,184.0,CNXN
2023-06-29 16:00:00,45.14,45.14,45.14,45.14,16733.0,CNXN
2023-06-29 15:59:00,45.12,45.14,45.11,45.14,1484.0,CNXN
2023-06-29 15:58:00,45.16,45.16,45.115,45.12,2607.0,CNXN
2023-06-29 15:56:00,45.16,45.16,45.15,45.15,570.0,CNXN
2023-06-29 15:55:00,45.19,45.19,45.19,45.19,316.0,CNXN
2023-06-29 15:53:00,45.26,45.26,45.26,45.26,294.0,CNXN
2023-06-29 15:52:00,45.275,45.275,45.275,45.275,146.0,CNXN
2023-06-29 15:51:00,45.25,45.25,45.235,45.235,719.0,CNXN
2023-06-29 15:46:00,45.31,45.31,45.3,45.3,521.0,CNXN
2023-06-29 15:38:00,45.33,45.33,45.33,45.33,106.0,CNXN
2023-06-29 15:37:00,45.33,45.33,45.33,45.33,232.0,CNXN
2023-06-29 15:35:00,45.38,45.38,45.375,45.375,269.0,CNXN
2023-06-29 15:31:00,45.37,45.37,45.37,45.37,138.0,CNXN
2023-06-29 15:30:00,45.41,45.41,45.35,45.35,805.0,CNXN
2023-06-29 15:24:00,45.34,45.34,45.34,45.34,309.0,CNXN
2023-06-29 15:23:00,45.32,45.32,45.32,45.32,212.0,CNXN
2023-06-29 15:13:00,45.37,45.39,45.345,45.39,364.0,CNXN
2023-06-29 14:55:00,45.35,45.41,45.35,45.41,394.0,CNXN
2023-06-29 14:27:00,45.3,45.3,45.3,45.3,234.0,CNXN
2023-06-29 14:15:00,45.33,45.335,45.33,45.335,257.0,CNXN
2023-06-29 14:01:00,45.31,45.31,45.31,45.31,284.0,CNXN
2023-06-29 13:57:00,45.3,45.3,45.3,45.3,132.0,CNXN
2023-06-29 13:38:00,45.32,45.32,45.32,45.32,121.0,CNXN
2023-06-29 13:36:00,45.33,45.33,45.28,45.28,825.0,CNXN
2023-06-29 13:21:00,45.345,45.345,45.345,45.345,112.0,CNXN
2023-06-29 13:14:00,45.37,45.37,45.37,45.37,346.0,CNXN
2023-06-29 13:00:00,45.31,45.31,45.31,45.31,388.0,CNXN
2023-06-29 12:57:00,45.31,45.31,45.29,45.29,293.0,CNXN
2023-06-29 12:47:00,45.32,45.32,45.32,45.32,162.0,CNXN
2023-06-29 12:45:00,45.32,45.32,45.32,45.32,196.0,CNXN
2023-06-29 12:44:00,45.32,45.32,45.32,45.32,392.0,CNXN
2023-06-29 12:43:00,45.36,45.36,45.36,45.36,120.0,CNXN
2023-06-29 12:42:00,45.36,45.36,45.36,45.36,702.0,CNXN
2023-06-29 12:23:00,45.44,45.44,45.44,45.44,286.0,CNXN
2023-06-29 12:17:00,45.37,45.37,45.37,45.37,373.0,CNXN
2023-06-29 12:15:00,45.35,45.35,45.35,45.35,105.0,CNXN
2023-06-29 12:10:00,45.32,45.32,45.32,45.32,256.0,CNXN
2023-06-29 11:13:00,45.32,45.32,45.32,45.32,487.0,CNXN
2023-06-29 10:30:00,45.32,45.32,45.32,45.32,393.0,CNXN
2023-06-29 10:19:00,45.1,45.1,45.1,45.1,233.0,CNXN
2023-06-29 09:59:00,45.02,45.02,45.02,45.02,316.0,CNXN
2023-06-29 09:30:00,44.42,44.42,44.42,44.42,369.0,CNXN
2023-06-28 16:00:00,44.4,44.42,44.4,44.42,11356.0,CNXN
2023-06-28 15:59:00,44.335,44.4,44.33,44.4,1108.0,CNXN
2023-06-28 15:58:00,44.33,44.35,44.33,44.33,734.0,CNXN
2023-06-28 15:57:00,44.3,44.3,44.3,44.3,274.0,CNXN
2023-06-28 15:56:00,44.35,44.37,44.35,44.37,1191.0,CNXN
2023-06-28 15:53:00,44.45,44.45,44.44,44.44,919.0,CNXN
2023-06-28 15:51:00,44.43,44.43,44.41,44.41,696.0,CNXN
2023-06-28 15:50:00,44.42,44.42,44.407,44.407,543.0,CNXN
2023-06-28 15:49:00,44.39,44.395,44.39,44.395,407.0,CNXN
2023-06-28 15:48:00,44.375,44.375,44.375,44.375,104.0,CNXN
2023-06-28 15:46:00,44.36,44.39,44.36,44.39,218.0,CNXN
2023-06-28 15:43:00,44.47,44.47,44.47,44.47,307.0,CNXN
2023-06-28 15:35:00,44.49,44.49,44.435,44.435,351.0,CNXN
2023-06-28 15:28:00,44.455,44.455,44.455,44.455,107.0,CNXN
2023-06-28 15:25:00,44.51,44.51,44.51,44.51,111.0,CNXN
2023-06-28 15:20:00,44.57,44.57,44.57,44.57,390.0,CNXN
2023-06-28 15:13:00,44.57,44.57,44.57,44.57,103.0,CNXN
2023-06-28 15:06:00,44.56,44.56,44.52,44.52,443.0,CNXN
2023-06-28 15:01:00,44.58,44.58,44.58,44.58,426.0,CNXN
2023-06-28 14:59:00,44.58,44.58,44.58,44.58,109.0,CNXN
2023-06-28 14:46:00,44.58,44.58,44.58,44.58,112.0,CNXN
2023-06-28 14:38:00,44.62,44.62,44.62,44.62,234.0,CNXN
2023-06-28 14:36:00,44.64,44.64,44.64,44.64,192.0,CNXN
2023-06-28 14:24:00,44.67,44.67,44.65,44.65,1109.0,CNXN
2023-06-28 14:14:00,44.65,44.65,44.65,44.65,107.0,CNXN
2023-06-28 14:06:00,44.67,44.67,44.66,44.66,349.0,CNXN
2023-06-28 14:02:00,44.705,44.705,44.705,44.705,100.0,CNXN
2023-06-28 13:56:00,44.7,44.7,44.675,44.675,312.0,CNXN
2023-06-28 13:55:00,44.69,44.69,44.69,44.69,276.0,CNXN
2023-06-28 13:50:00,44.63,44.63,44.63,44.63,150.0,CNXN
2023-06-28 13:45:00,44.67,44.67,44.67,44.67,167.0,CNXN
2023-06-28 13:40:00,44.67,44.67,44.67,44.67,100.0,CNXN
2023-06-28 13:31:00,44.66,44.66,44.66,44.66,245.0,CNXN
2023-06-28 13:29:00,44.74,44.74,44.74,44.74,105.0,CNXN
2023-06-28 13:27:00,44.8,44.8,44.71,44.71,978.0,CNXN
2023-06-28 13:15:00,44.68,44.69,44.68,44.69,771.0,CNXN
2023-06-28 13:10:00,44.68,44.68,44.68,44.68,102.0,CNXN
2023-06-28 12:57:00,44.615,44.615,44.615,44.615,105.0,CNXN
2023-06-28 12:52:00,44.62,44.62,44.62,44.62,297.0,CNXN
2023-06-28 12:46:00,44.65,44.65,44.65,44.65,231.0,CNXN
2023-06-28 12:44:00,44.63,44.63,44.63,44.63,111.0,CNXN
2023-06-28 12:37:00,44.56,44.56,44.56,44.56,590.0,CNXN
2023-06-28 12:34:00,44.63,44.63,44.63,44.63,202.0,CNXN
2023-06-28 12:29:00,44.6,44.6,44.56,44.56,303.0,CNXN
2023-06-28 12:27:00,44.67,44.67,44.67,44.67,231.0,CNXN
2023-06-28 12:15:00,44.555,44.59,44.555,44.59,245.0,CNXN
2023-06-28 11:41:00,44.55,44.55,44.55,44.55,136.0,CNXN
2023-06-28 11:40:00,44.55,44.55,44.55,44.55,151.0,CNXN
2023-06-28 11:27:00,44.51,44.51,44.51,44.51,118.0,CNXN
2023-06-28 10:52:00,44.54,44.54,44.54,44.54,419.0,CNXN
2023-06-28 10:51:00,44.61,44.61,44.61,44.61,238.0,CNXN
2023-06-28 10:49:00,44.69,44.69,44.69,44.69,586.0,CNXN
2023-06-28 10:48:00,44.68,44.68,44.68,44.68,186.0,CNXN
2023-06-28 10:47:00,44.63,44.63,44.63,44.63,181.0,CNXN
2023-06-28 10:40:00,44.56,44.6,44.56,44.6,633.0,CNXN
2023-06-28 10:28:00,44.46,44.46,44.46,44.46,100.0,CNXN
2023-06-28 10:04:00,44.31,44.31,44.31,44.31,118.0,CNXN
2023-06-28 09:58:00,44.37,44.37,44.31,44.31,477.0,CNXN
2023-06-28 09:52:00,44.36,44.36,44.36,44.36,300.0,CNXN
2023-06-28 09:51:00,44.03,44.096,44.03,44.096,378.0,CNXN
2023-06-28 09:50:00,44.13,44.5,43.96,44.015,1503.0,CNXN
2023-06-28 09:30:00,44.32,44.32,44.32,44.32,387.0,CNXN
2023-06-27 16:02:00,44.31,44.31,44.31,44.31,73.0,CNXN
2023-06-27 16:01:00,44.31,44.31,44.31,44.31,365.0,CNXN
2023-06-27 16:00:00,44.3,44.31,44.3,44.31,11330.0,CNXN
2023-06-27 15:59:00,44.34,44.34,44.3,44.3,1007.0,CNXN
2023-06-27 15:57:00,44.38,44.38,44.38,44.38,795.0,CNXN
2023-06-27 15:56:00,44.39,44.39,44.39,44.39,626.0,CNXN
2023-06-27 15:54:00,44.43,44.43,44.42,44.42,592.0,CNXN
2023-06-27 15:52:00,44.44,44.44,44.44,44.44,166.0,CNXN
2023-06-27 15:49:00,44.48,44.48,44.46,44.46,753.0,CNXN
2023-06-27 15:40:00,44.4,44.4,44.4,44.4,579.0,CNXN
2023-06-27 15:33:00,44.415,44.415,44.4,44.4,650.0,CNXN
2023-06-27 15:30:00,44.4,44.415,44.4,44.415,206.0,CNXN
2023-06-27 15:29:00,44.4,44.4,44.4,44.4,101.0,CNXN
2023-06-27 15:25:00,44.4,44.4,44.4,44.4,100.0,CNXN
2023-06-27 15:20:00,44.38,44.38,44.38,44.38,224.0,CNXN
2023-06-27 14:56:00,44.5,44.5,44.49,44.49,747.0,CNXN
2023-06-27 14:52:00,44.59,44.59,44.59,44.59,109.0,CNXN
2023-06-27 14:36:00,44.57,44.57,44.57,44.57,230.0,CNXN
2023-06-27 14:26:00,44.49,44.49,44.49,44.49,328.0,CNXN
2023-06-27 14:24:00,44.48,44.48,44.48,44.48,111.0,CNXN
2023-06-27 14:22:00,44.47,44.47,44.47,44.47,239.0,CNXN
2023-06-27 14:21:00,44.49,44.49,44.48,44.48,431.0,CNXN
2023-06-27 13:58:00,44.46,44.46,44.46,44.46,289.0,CNXN
2023-06-27 13:49:00,44.478,44.478,44.478,44.478,115.0,CNXN
2023-06-27 13:47:00,44.51,44.51,44.51,44.51,362.0,CNXN
2023-06-27 13:28:00,44.58,44.58,44.58,44.58,136.0,CNXN
2023-06-27 13:02:00,44.45,44.45,44.45,44.45,286.0,CNXN
2023-06-27 12:41:00,44.44,44.44,44.44,44.44,123.0,CNXN
2023-06-27 12:39:00,44.49,44.49,44.49,44.49,113.0,CNXN
2023-06-27 12:37:00,44.42,44.43,44.42,44.43,1178.0,CNXN
2023-06-27 12:32:00,44.37,44.37,44.37,44.37,100.0,CNXN
2023-06-27 12:31:00,44.48,44.49,44.42,44.42,857.0,CNXN
2023-06-27 12:25:00,44.52,44.52,44.52,44.52,128.0,CNXN
2023-06-27 12:23:00,44.55,44.55,44.55,44.55,257.0,CNXN
2023-06-27 12:13:00,44.55,44.55,44.55,44.55,209.0,CNXN
2023-06-27 11:58:00,44.52,44.52,44.48,44.51,659.0,CNXN
2023-06-27 11:52:00,44.36,44.37,44.36,44.37,326.0,CNXN
2023-06-27 11:44:00,44.36,44.36,44.36,44.36,103.0,CNXN
2023-06-27 11:38:00,44.34,44.34,44.34,44.34,701.0,CNXN
2023-06-27 11:21:00,44.3,44.3,44.3,44.3,120.0,CNXN
2023-06-27 11:18:00,44.35,44.35,44.35,44.35,287.0,CNXN
2023-06-27 10:56:00,44.53,44.53,44.49,44.53,1306.0,CNXN
2023-06-27 10:49:00,44.56,44.56,44.56,44.56,322.0,CNXN
2023-06-27 10:34:00,44.475,44.475,44.475,44.475,110.0,CNXN
2023-06-27 10:14:00,44.34,44.34,44.34,44.34,256.0,CNXN
2023-06-27 10:06:00,44.23,44.23,44.23,44.23,761.0,CNXN
2023-06-27 09:57:00,43.98,43.98,43.98,43.98,532.0,CNXN
2023-06-27 09:56:00,44.15,44.15,44.15,44.15,105.0,CNXN
2023-06-27 09:55:00,44.03,44.03,44.03,44.03,360.0,CNXN
2023-06-27 09:49:00,44.07,44.07,44.07,44.07,126.0,CNXN
2023-06-27 09:30:00,44.57,44.57,44.57,44.57,435.0,CNXN
2023-06-27 08:00:00,44.36,44.36,44.36,44.36,77.0,CNXN
2023-06-26 19:20:00,44.36,44.36,44.36,44.36,77.0,CNXN
2023-06-26 16:13:00,44.36,44.36,44.36,44.36,77.0,CNXN
2023-06-26 16:01:00,44.36,44.36,44.36,44.36,977.0,CNXN
2023-06-26 16:00:00,44.34,44.36,44.34,44.36,15457.0,CNXN
2023-06-26 15:59:00,44.4,44.4,44.34,44.34,1893.0,CNXN
2023-06-26 15:58:00,44.41,44.42,44.41,44.41,488.0,CNXN
2023-06-26 15:57:00,44.44,44.44,44.44,44.44,399.0,CNXN
2023-06-26 15:54:00,44.46,44.46,44.46,44.46,270.0,CNXN
2023-06-26 15:51:00,44.52,44.52,44.52,44.52,269.0,CNXN
2023-06-26 15:50:00,44.475,44.56,44.475,44.56,407.0,CNXN
2023-06-26 15:49:00,44.6,44.6,44.6,44.6,339.0,CNXN
2023-06-26 15:47:00,44.66,44.66,44.66,44.66,240.0,CNXN
2023-06-26 15:44:00,44.71,44.71,44.71,44.71,490.0,CNXN
2023-06-26 15:43:00,44.69,44.72,44.69,44.72,844.0,CNXN
2023-06-26 15:42:00,44.675,44.675,44.65,44.67,868.0,CNXN
2023-06-26 15:40:00,44.65,44.65,44.65,44.65,154.0,CNXN
2023-06-26 15:35:00,44.68,44.68,44.68,44.68,277.0,CNXN
2023-06-26 15:33:00,44.65,44.65,44.65,44.65,132.0,CNXN
2023-06-26 15:29:00,44.65,44.65,44.65,44.65,223.0,CNXN
2023-06-26 15:24:00,44.66,44.67,44.66,44.67,784.0,CNXN
2023-06-26 15:20:00,44.655,44.655,44.655,44.655,268.0,CNXN
2023-06-26 15:14:00,44.655,44.655,44.655,44.655,153.0,CNXN
2023-06-26 15:07:00,44.64,44.64,44.64,44.64,356.0,CNXN
2023-06-26 14:53:00,44.665,44.665,44.665,44.665,221.0,CNXN
2023-06-26 14:51:00,44.67,44.67,44.665,44.665,378.0,CNXN
2023-06-26 14:47:00,44.67,44.67,44.67,44.67,186.0,CNXN
2023-06-26 14:42:00,44.73,44.73,44.73,44.73,210.0,CNXN
2023-06-26 14:32:00,44.72,44.72,44.7,44.7,216.0,CNXN
2023-06-26 14:24:00,44.7,44.7,44.7,44.7,210.0,CNXN
2023-06-26 14:20:00,44.7,44.7,44.7,44.7,267.0,CNXN
2023-06-26 14:06:00,44.76,44.76,44.76,44.76,256.0,CNXN
2023-06-26 14:05:00,44.77,44.77,44.77,44.77,103.0,CNXN
2023-06-26 14:02:00,44.71,44.71,44.71,44.71,200.0,CNXN
2023-06-26 13:59:00,44.7,44.77,44.7,44.77,671.0,CNXN
2023-06-26 13:57:00,44.685,44.685,44.685,44.685,589.0,CNXN
2023-06-26 13:52:00,44.72,44.72,44.72,44.72,104.0,CNXN
2023-06-26 13:41:00,44.69,44.69,44.69,44.69,491.0,CNXN
2023-06-26 13:39:00,44.59,44.59,44.59,44.59,641.0,CNXN
2023-06-26 13:36:00,44.55,44.55,44.55,44.55,698.0,CNXN
2023-06-26 13:26:00,44.55,44.55,44.55,44.55,109.0,CNXN
2023-06-26 13:25:00,44.55,44.55,44.55,44.55,277.0,CNXN
2023-06-26 12:57:00,44.59,44.59,44.59,44.59,151.0,CNXN
2023-06-26 12:51:00,44.55,44.55,44.55,44.55,265.0,CNXN
2023-06-26 12:45:00,44.43,44.48,44.43,44.48,838.0,CNXN
2023-06-26 12:43:00,44.37,44.37,44.37,44.37,338.0,CNXN
2023-06-26 12:35:00,44.43,44.43,44.43,44.43,315.0,CNXN
2023-06-26 12:27:00,44.51,44.51,44.51,44.51,121.0,CNXN
2023-06-26 12:26:00,44.46,44.46,44.46,44.46,230.0,CNXN
2023-06-26 12:23:00,44.505,44.505,44.505,44.505,111.0,CNXN
2023-06-26 12:22:00,44.52,44.52,44.52,44.52,360.0,CNXN
2023-06-26 12:17:00,44.51,44.51,44.51,44.51,297.0,CNXN
2023-06-26 11:49:00,44.62,44.62,44.62,44.62,550.0,CNXN
2023-06-26 11:37:00,44.665,44.665,44.665,44.665,105.0,CNXN
2023-06-26 11:22:00,44.84,44.84,44.84,44.84,369.0,CNXN
2023-06-26 11:21:00,44.783,44.783,44.783,44.783,253.0,CNXN
2023-06-26 11:19:00,44.86,44.86,44.86,44.86,616.0,CNXN
2023-06-26 11:14:00,45.01,45.01,45.01,45.01,373.0,CNXN
2023-06-26 11:09:00,44.95,44.95,44.95,44.95,269.0,CNXN
2023-06-26 11:00:00,44.97,44.97,44.97,44.97,138.0,CNXN
2023-06-26 10:57:00,45.015,45.015,45.015,45.015,314.0,CNXN
2023-06-26 10:51:00,44.73,44.74,44.73,44.74,1176.0,CNXN
2023-06-26 10:40:00,44.65,44.65,44.65,44.65,446.0,CNXN
2023-06-26 10:32:00,44.77,44.77,44.77,44.77,171.0,CNXN
2023-06-26 10:14:00,44.805,44.805,44.805,44.805,119.0,CNXN
2023-06-26 10:01:00,45.03,45.03,45.03,45.03,219.0,CNXN
2023-06-26 09:44:00,44.81,44.81,44.81,44.81,116.0,CNXN
2023-06-26 09:43:00,44.89,45.48,44.65,44.66,898.0,CNXN
2023-06-26 09:37:00,44.285,44.285,44.285,44.285,110.0,CNXN
2023-06-26 09:30:00,44.31,44.31,44.31,44.31,393.0,CNXN
2023-06-26 09:29:00,44.3,44.3,44.3,44.3,36.0,CNXN
2023-06-23 17:00:00,44.22,44.22,44.22,44.22,8.0,CNXN
2023-06-23 16:23:00,44.218,44.218,44.218,44.218,1740.0,CNXN
2023-06-23 16:13:00,44.22,44.22,44.22,44.22,12.0,CNXN
2023-06-23 16:09:00,44.22,44.22,44.22,44.22,2220.0,CNXN
2023-06-23 16:05:00,44.212,44.222,44.212,44.218,2100.0,CNXN
2023-06-23 16:04:00,44.223,44.223,44.217,44.217,1427.0,CNXN
2023-06-23 16:03:00,44.22,44.22,44.22,44.22,61.0,CNXN
2023-06-23 16:02:00,44.22,44.22,44.22,44.22,1205.0,CNXN
2023-06-23 16:00:00,44.13,44.22,44.13,44.22,69856.0,CNXN
2023-06-23 15:59:00,44.07,44.13,44.07,44.13,2881.0,CNXN
2023-06-23 15:58:00,44.135,44.2,44.07,44.11,1705.0,CNXN
2023-06-23 15:57:00,44.08,44.08,44.08,44.08,320.0,CNXN
2023-06-23 15:56:00,44.08,44.145,44.08,44.145,465.0,CNXN
2023-06-23 15:55:00,44.135,44.135,44.135,44.135,535.0,CNXN
2023-06-23 15:54:00,44.14,44.14,44.1,44.1,836.0,CNXN
2023-06-23 15:53:00,44.16,44.17,44.04,44.14,4267.0,CNXN
2023-06-23 15:52:00,44.13,44.13,44.12,44.12,271.0,CNXN
2023-06-23 15:50:00,44.05,44.05,43.92,43.92,1865.0,CNXN
2023-06-23 15:49:00,44.32,44.32,44.32,44.32,579.0,CNXN
2023-06-23 15:48:00,44.28,44.28,44.27,44.27,337.0,CNXN
2023-06-23 15:47:00,44.32,44.33,44.32,44.33,301.0,CNXN
2023-06-23 15:46:00,44.31,44.31,44.31,44.31,262.0,CNXN
2023-06-23 15:36:00,44.36,44.36,44.36,44.36,300.0,CNXN
2023-06-23 15:33:00,44.31,44.31,44.31,44.31,271.0,CNXN
2023-06-23 15:32:00,44.3,44.3,44.3,44.3,121.0,CNXN
2023-06-23 15:30:00,44.26,44.27,44.26,44.27,389.0,CNXN
2023-06-23 15:29:00,44.18,44.22,44.18,44.22,474.0,CNXN
2023-06-23 15:28:00,44.08,44.11,44.06,44.11,2048.0,CNXN
2023-06-23 15:21:00,44.13,44.13,44.13,44.13,155.0,CNXN
2023-06-23 15:20:00,44.17,44.18,44.145,44.17,1080.0,CNXN
2023-06-23 15:09:00,44.08,44.12,44.08,44.12,1004.0,CNXN
2023-06-23 15:01:00,44.1,44.1,44.1,44.1,389.0,CNXN
2023-06-23 14:53:00,44.19,44.19,44.19,44.19,141.0,CNXN
2023-06-23 14:51:00,44.16,44.26,44.16,44.26,595.0,CNXN
2023-06-23 14:47:00,44.16,44.16,44.14,44.14,341.0,CNXN
2023-06-23 14:38:00,44.26,44.26,44.26,44.26,253.0,CNXN
2023-06-23 14:37:00,44.363,44.363,44.363,44.363,200.0,CNXN
2023-06-23 14:17:00,44.51,44.51,44.51,44.51,404.0,CNXN
2023-06-23 14:11:00,44.44,44.44,44.44,44.44,454.0,CNXN
2023-06-23 14:10:00,44.49,44.49,44.49,44.49,290.0,CNXN
2023-06-23 13:55:00,44.72,44.72,44.7,44.71,739.0,CNXN
2023-06-23 13:27:00,44.72,44.72,44.72,44.72,119.0,CNXN
2023-06-23 12:47:00,44.69,44.69,44.69,44.69,459.0,CNXN
2023-06-23 12:40:00,44.7,44.7,44.7,44.7,100.0,CNXN
2023-06-23 12:17:00,44.78,44.78,44.78,44.78,308.0,CNXN
2023-06-23 12:07:00,44.695,44.695,44.695,44.695,409.0,CNXN
2023-06-23 11:24:00,44.96,44.96,44.96,44.96,114.0,CNXN
2023-06-23 11:23:00,44.97,44.97,44.97,44.97,306.0,CNXN
2023-06-23 11:11:00,45.02,45.02,45.02,45.02,264.0,CNXN
2023-06-23 10:58:00,45.17,45.17,45.13,45.13,378.0,CNXN
2023-06-23 10:56:00,45.12,45.12,45.11,45.11,1052.0,CNXN
2023-06-23 10:46:00,45.38,45.38,45.38,45.38,196.0,CNXN
2023-06-23 10:32:00,45.295,45.295,45.295,45.295,280.0,CNXN
2023-06-23 10:14:00,45.3,45.3,45.3,45.3,175.0,CNXN
2023-06-23 10:10:00,45.32,45.32,45.32,45.32,425.0,CNXN
2023-06-23 10:09:00,45.34,45.34,45.34,45.34,123.0,CNXN
2023-06-23 10:02:00,45.44,45.44,45.415,45.415,486.0,CNXN
2023-06-23 09:49:00,45.02,45.02,45.02,45.02,200.0,CNXN
2023-06-23 09:47:00,44.9,44.99,44.9,44.99,575.0,CNXN
2023-06-23 09:39:00,44.67,44.67,44.67,44.67,114.0,CNXN
2023-06-23 09:30:00,44.83,44.9,44.83,44.9,1484.0,CNXN
2023-06-22 16:04:00,45.22,45.22,45.22,45.22,156.0,CNXN
2023-06-22 16:01:00,45.22,45.22,45.22,45.22,528.0,CNXN
2023-06-22 16:00:00,45.24,45.24,45.22,45.22,25966.0,CNXN
2023-06-22 15:59:00,45.21,45.24,45.21,45.24,1379.0,CNXN
2023-06-22 15:58:00,45.21,45.21,45.21,45.21,311.0,CNXN
2023-06-22 15:56:00,45.17,45.18,45.17,45.18,673.0,CNXN
2023-06-22 15:55:00,45.16,45.16,45.16,45.16,301.0,CNXN
2023-06-22 15:54:00,45.19,45.19,45.18,45.18,898.0,CNXN
2023-06-22 15:52:00,45.19,45.19,45.19,45.19,314.0,CNXN
2023-06-22 15:51:00,45.245,45.245,45.245,45.245,144.0,CNXN
2023-06-22 15:48:00,45.13,45.13,45.13,45.13,217.0,CNXN
2023-06-22 15:47:00,45.16,45.16,45.16,45.16,387.0,CNXN
2023-06-22 15:46:00,45.13,45.13,45.12,45.12,323.0,CNXN
2023-06-22 15:43:00,45.15,45.15,45.14,45.14,377.0,CNXN
2023-06-22 15:42:00,45.16,45.16,45.16,45.16,179.0,CNXN
2023-06-22 15:41:00,45.18,45.19,45.17,45.17,617.0,CNXN
2023-06-22 15:40:00,45.21,45.21,45.17,45.17,483.0,CNXN
2023-06-22 15:39:00,45.25,45.25,45.225,45.225,320.0,CNXN
2023-06-22 15:34:00,45.16,45.16,45.16,45.16,105.0,CNXN
2023-06-22 15:33:00,45.15,45.18,45.15,45.18,412.0,CNXN
2023-06-22 15:32:00,45.13,45.13,45.13,45.13,1250.0,CNXN
2023-06-22 15:30:00,45.13,45.13,45.13,45.13,321.0,CNXN
2023-06-22 15:17:00,45.145,45.145,45.145,45.145,119.0,CNXN
2023-06-22 15:05:00,45.21,45.21,45.21,45.21,158.0,CNXN
2023-06-22 14:57:00,45.22,45.22,45.22,45.22,100.0,CNXN
2023-06-22 14:56:00,45.26,45.26,45.24,45.24,714.0,CNXN
2023-06-22 14:53:00,45.28,45.28,45.28,45.28,192.0,CNXN
2023-06-22 14:39:00,45.26,45.26,45.26,45.26,269.0,CNXN
2023-06-22 14:36:00,45.19,45.22,45.19,45.22,526.0,CNXN
2023-06-22 14:28:00,45.16,45.16,45.15,45.15,891.0,CNXN
2023-06-22 14:06:00,45.13,45.13,45.12,45.12,671.0,CNXN
2023-06-22 14:02:00,45.15,45.15,45.15,45.15,321.0,CNXN
2023-06-22 13:40:00,45.143,45.143,45.143,45.143,123.0,CNXN
2023-06-22 13:38:00,45.09,45.09,45.09,45.09,103.0,CNXN
2023-06-22 13:37:00,45.16,45.16,45.14,45.14,537.0,CNXN
2023-06-22 13:26:00,45.18,45.18,45.18,45.18,103.0,CNXN
2023-06-22 13:25:00,45.16,45.16,45.16,45.16,324.0,CNXN
2023-06-22 13:24:00,45.12,45.12,45.12,45.12,1412.0,CNXN
2023-06-22 13:16:00,45.05,45.05,45.05,45.05,230.0,CNXN
2023-06-22 13:14:00,45.11,45.11,45.11,45.11,112.0,CNXN
2023-06-22 12:50:00,45.11,45.11,45.11,45.11,168.0,CNXN
2023-06-22 12:38:00,45.3,45.3,45.3,45.3,398.0,CNXN
2023-06-22 12:37:00,45.31,45.31,45.31,45.31,105.0,CNXN
2023-06-22 12:29:00,45.37,45.37,45.37,45.37,104.0,CNXN
2023-06-22 12:03:00,45.47,45.47,45.47,45.47,142.0,CNXN
2023-06-22 12:02:00,45.51,45.51,45.51,45.51,310.0,CNXN
2023-06-22 11:38:00,45.49,45.49,45.49,45.49,554.0,CNXN
2023-06-22 11:37:00,45.55,45.55,45.55,45.55,898.0,CNXN
2023-06-22 11:34:00,45.42,45.42,45.42,45.42,188.0,CNXN
2023-06-22 11:25:00,45.43,45.43,45.43,45.43,111.0,CNXN
2023-06-22 11:23:00,45.41,45.41,45.41,45.41,114.0,CNXN
2023-06-22 11:20:00,45.4,45.4,45.4,45.4,120.0,CNXN
2023-06-22 11:15:00,45.67,45.67,45.4,45.4,619.0,CNXN
2023-06-22 11:11:00,45.735,45.735,45.735,45.735,159.0,CNXN
2023-06-22 11:01:00,45.788,45.81,45.788,45.81,726.0,CNXN
2023-06-22 10:56:00,45.6,45.6,45.6,45.6,134.0,CNXN
2023-06-22 10:45:00,45.72,45.72,45.64,45.64,223.0,CNXN
2023-06-22 10:14:00,45.98,45.98,45.915,45.915,206.0,CNXN
2023-06-22 09:51:00,45.75,45.8,45.75,45.79,807.0,CNXN
2023-06-22 09:30:00,45.85,45.85,45.85,45.85,374.0,CNXN
2023-06-22 09:25:00,46.09,46.09,46.09,46.09,33.0,CNXN
2023-06-21 16:02:00,45.86,45.86,45.86,45.86,450.0,CNXN
2023-06-21 16:01:00,45.86,45.86,45.86,45.86,109.0,CNXN
2023-06-21 16:00:00,45.8,45.86,45.8,45.86,11379.0,CNXN
2023-06-21 15:59:00,45.84,45.86,45.8,45.8,2452.0,CNXN
2023-06-21 15:58:00,45.86,45.86,45.8,45.83,706.0,CNXN
2023-06-21 15:57:00,45.925,45.925,45.925,45.925,655.0,CNXN
2023-06-21 15:56:00,45.95,45.95,45.91,45.91,477.0,CNXN
2023-06-21 15:54:00,45.94,45.94,45.94,45.94,161.0,CNXN
2023-06-21 15:53:00,45.935,45.935,45.935,45.935,264.0,CNXN
2023-06-21 15:51:00,45.98,45.98,45.98,45.98,119.0,CNXN
2023-06-21 15:49:00,46.01,46.01,46.01,46.01,235.0,CNXN
2023-06-21 15:48:00,46.06,46.06,46.06,46.06,225.0,CNXN
2023-06-21 15:46:00,46.02,46.02,46.02,46.02,268.0,CNXN
2023-06-21 15:33:00,46.09,46.11,46.09,46.09,982.0,CNXN
2023-06-21 15:25:00,46.1,46.1,46.1,46.1,152.0,CNXN
2023-06-21 15:09:00,46.17,46.17,46.17,46.17,140.0,CNXN
2023-06-21 15:05:00,46.13,46.13,46.13,46.13,246.0,CNXN
2023-06-21 15:04:00,46.13,46.13,46.13,46.13,124.0,CNXN
2023-06-21 15:02:00,46.16,46.16,46.16,46.16,307.0,CNXN
2023-06-21 14:58:00,46.18,46.18,46.18,46.18,151.0,CNXN
2023-06-21 14:45:00,46.2,46.2,46.2,46.2,138.0,CNXN
2023-06-21 14:37:00,46.27,46.27,46.26,46.26,786.0,CNXN
2023-06-21 14:36:00,46.28,46.28,46.28,46.28,120.0,CNXN
2023-06-21 14:35:00,46.27,46.27,46.27,46.27,115.0,CNXN
2023-06-21 14:34:00,46.28,46.28,46.28,46.28,102.0,CNXN
2023-06-21 14:33:00,46.27,46.29,46.27,46.29,223.0,CNXN
2023-06-21 14:30:00,46.29,46.29,46.29,46.29,163.0,CNXN
2023-06-21 14:21:00,46.28,46.28,46.28,46.28,114.0,CNXN
2023-06-21 14:19:00,46.32,46.32,46.26,46.26,520.0,CNXN
2023-06-21 14:17:00,46.27,46.27,46.27,46.27,242.0,CNXN
2023-06-21 14:05:00,46.27,46.27,46.27,46.27,139.0,CNXN
2023-06-21 14:04:00,46.23,46.23,46.23,46.23,433.0,CNXN
2023-06-21 14:01:00,46.27,46.27,46.27,46.27,104.0,CNXN
2023-06-21 14:00:00,46.295,46.295,46.295,46.295,309.0,CNXN
2023-06-21 13:51:00,46.275,46.275,46.275,46.275,139.0,CNXN
2023-06-21 13:50:00,46.27,46.275,46.26,46.275,795.0,CNXN
2023-06-21 13:35:00,46.345,46.365,46.345,46.365,522.0,CNXN
2023-06-21 13:28:00,46.21,46.21,46.21,46.21,286.0,CNXN
2023-06-21 13:26:00,46.21,46.21,46.21,46.21,329.0,CNXN
2023-06-21 13:24:00,46.11,46.12,46.11,46.12,553.0,CNXN
2023-06-21 13:22:00,46.025,46.025,46.025,46.025,108.0,CNXN
2023-06-21 13:21:00,46.025,46.025,46.025,46.025,101.0,CNXN
2023-06-21 13:20:00,45.99,45.99,45.99,45.99,385.0,CNXN
2023-06-21 13:19:00,45.95,46.0,45.95,45.965,1383.0,CNXN
2023-06-21 13:05:00,45.92,45.92,45.82,45.885,2328.0,CNXN
2023-06-21 13:04:00,45.9,45.9,45.9,45.9,208.0,CNXN
2023-06-21 12:53:00,45.9,45.9,45.9,45.9,100.0,CNXN
2023-06-21 12:49:00,45.84,45.84,45.84,45.84,212.0,CNXN
2023-06-21 12:33:00,45.84,45.84,45.84,45.84,131.0,CNXN
2023-06-21 12:29:00,45.815,45.815,45.815,45.815,134.0,CNXN
2023-06-21 12:24:00,45.78,45.78,45.78,45.78,346.0,CNXN
2023-06-21 12:23:00,45.78,45.78,45.78,45.78,117.0,CNXN
2023-06-21 12:21:00,45.78,45.78,45.78,45.78,195.0,CNXN
2023-06-21 12:20:00,45.73,45.73,45.73,45.73,706.0,CNXN
2023-06-21 11:55:00,45.79,45.79,45.73,45.73,497.0,CNXN
2023-06-21 11:53:00,45.725,45.725,45.725,45.725,104.0,CNXN
2023-06-21 11:48:00,45.79,45.79,45.79,45.79,100.0,CNXN
2023-06-21 11:47:00,45.725,45.725,45.725,45.725,104.0,CNXN
2023-06-21 11:44:00,45.725,45.725,45.725,45.725,101.0,CNXN
2023-06-21 11:32:00,45.77,45.77,45.77,45.77,169.0,CNXN
2023-06-21 11:16:00,45.7,45.7,45.7,45.7,223.0,CNXN
2023-06-21 11:04:00,45.775,45.775,45.775,45.775,114.0,CNXN
2023-06-21 11:03:00,45.93,45.93,45.93,45.93,130.0,CNXN
2023-06-21 10:59:00,45.7,45.71,45.7,45.71,378.0,CNXN
2023-06-21 10:56:00,45.605,45.605,45.605,45.605,208.0,CNXN
2023-06-21 10:53:00,45.59,45.59,45.59,45.59,101.0,CNXN
2023-06-21 10:51:00,45.61,45.61,45.59,45.59,294.0,CNXN
2023-06-21 10:48:00,45.83,45.91,45.74,45.91,1638.0,CNXN
2023-06-21 10:30:00,45.95,45.95,45.95,45.95,628.0,CNXN
2023-06-21 10:14:00,45.8,45.8,45.8,45.8,105.0,CNXN
2023-06-21 10:12:00,45.8,45.8,45.8,45.8,103.0,CNXN
2023-06-21 10:11:00,45.92,45.92,45.91,45.91,614.0,CNXN
2023-06-21 09:57:00,45.62,45.64,45.62,45.64,318.0,CNXN
2023-06-21 09:37:00,45.02,45.03,45.02,45.03,389.0,CNXN
2023-06-21 09:36:00,44.99,44.99,44.99,44.99,101.0,CNXN
2023-06-21 09:35:00,45.31,45.31,45.31,45.31,504.0,CNXN
2023-06-21 09:32:00,45.36,45.36,45.36,45.36,340.0,CNXN
2023-06-21 09:30:00,45.37,45.37,45.31,45.31,804.0,CNXN
2023-06-20 16:00:00,45.39,45.39,45.37,45.37,17304.0,CNXN
2023-06-20 15:59:00,45.42,45.42,45.35,45.39,2782.0,CNXN
2023-06-20 15:53:00,45.47,45.47,45.47,45.47,561.0,CNXN
2023-06-20 15:52:00,45.5,45.5,45.5,45.5,302.0,CNXN
2023-06-20 15:51:00,45.57,45.57,45.52,45.52,1337.0,CNXN
2023-06-20 15:48:00,45.57,45.57,45.57,45.57,119.0,CNXN
2023-06-20 15:47:00,45.54,45.54,45.54,45.54,490.0,CNXN
2023-06-20 15:45:00,45.56,45.56,45.56,45.56,110.0,CNXN
2023-06-20 15:44:00,45.61,45.61,45.61,45.61,110.0,CNXN
2023-06-20 15:39:00,45.6,45.6,45.6,45.6,321.0,CNXN
2023-06-20 15:38:00,45.59,45.59,45.59,45.59,204.0,CNXN
2023-06-20 15:36:00,45.57,45.59,45.57,45.59,715.0,CNXN
2023-06-20 15:31:00,45.62,45.62,45.62,45.62,465.0,CNXN
2023-06-20 15:24:00,45.7,45.7,45.7,45.7,743.0,CNXN
2023-06-20 15:20:00,45.64,45.67,45.64,45.67,234.0,CNXN
2023-06-20 15:15:00,45.65,45.65,45.65,45.65,158.0,CNXN
2023-06-20 15:10:00,45.62,45.62,45.62,45.62,104.0,CNXN
2023-06-20 15:08:00,45.695,45.695,45.69,45.69,221.0,CNXN
2023-06-20 14:57:00,45.69,45.69,45.68,45.68,389.0,CNXN
2023-06-20 14:54:00,45.7,45.7,45.7,45.7,298.0,CNXN
2023-06-20 14:53:00,45.66,45.66,45.66,45.66,802.0,CNXN
2023-06-20 14:51:00,45.62,45.63,45.62,45.63,714.0,CNXN
2023-06-20 14:50:00,45.61,45.61,45.61,45.61,111.0,CNXN
2023-06-20 14:45:00,45.58,45.58,45.58,45.58,101.0,CNXN
2023-06-20 14:40:00,45.54,45.54,45.54,45.54,121.0,CNXN
2023-06-20 14:38:00,45.63,45.63,45.62,45.62,490.0,CNXN
2023-06-20 14:33:00,45.58,45.58,45.58,45.58,114.0,CNXN
2023-06-20 14:28:00,45.59,45.59,45.59,45.59,151.0,CNXN
2023-06-20 14:26:00,45.69,45.69,45.69,45.69,101.0,CNXN
2023-06-20 14:23:00,45.64,45.64,45.64,45.64,104.0,CNXN
2023-06-20 14:18:00,45.655,45.655,45.655,45.655,241.0,CNXN
2023-06-20 14:14:00,45.59,45.59,45.59,45.59,105.0,CNXN
2023-06-20 14:11:00,45.66,45.66,45.66,45.66,211.0,CNXN
2023-06-20 14:02:00,45.58,45.58,45.58,45.58,100.0,CNXN
2023-06-20 13:59:00,45.66,45.66,45.66,45.66,201.0,CNXN
2023-06-20 13:56:00,45.69,45.69,45.68,45.68,321.0,CNXN
2023-06-20 13:48:00,45.71,45.71,45.71,45.71,136.0,CNXN
2023-06-20 13:37:00,45.695,45.695,45.695,45.695,208.0,CNXN
2023-06-20 13:29:00,45.71,45.71,45.71,45.71,195.0,CNXN
2023-06-20 13:27:00,45.72,45.72,45.72,45.72,102.0,CNXN
2023-06-20 13:18:00,45.75,45.75,45.75,45.75,200.0,CNXN
2023-06-20 13:17:00,45.74,45.74,45.74,45.74,245.0,CNXN
2023-06-20 13:03:00,45.73,45.73,45.73,45.73,101.0,CNXN
2023-06-20 13:02:00,45.69,45.7,45.69,45.7,988.0,CNXN
2023-06-20 13:01:00,45.65,45.65,45.65,45.65,101.0,CNXN
2023-06-20 12:59:00,45.65,45.65,45.65,45.65,211.0,CNXN
2023-06-20 12:58:00,45.66,45.66,45.66,45.66,529.0,CNXN
2023-06-20 12:53:00,45.63,45.63,45.63,45.63,101.0,CNXN
2023-06-20 12:50:00,45.665,45.665,45.665,45.665,100.0,CNXN
2023-06-20 12:39:00,45.7,45.7,45.7,45.7,132.0,CNXN
2023-06-20 12:38:00,45.7,45.7,45.69,45.69,552.0,CNXN
2023-06-20 12:34:00,45.49,45.49,45.49,45.49,169.0,CNXN
2023-06-20 12:33:00,45.48,45.48,45.48,45.48,117.0,CNXN
2023-06-20 12:30:00,45.59,45.59,45.59,45.59,191.0,CNXN
2023-06-20 12:29:00,45.71,45.71,45.69,45.69,351.0,CNXN
2023-06-20 12:28:00,45.765,45.765,45.765,45.765,304.0,CNXN
2023-06-20 12:22:00,45.75,45.75,45.75,45.75,123.0,CNXN
2023-06-20 12:21:00,45.73,45.73,45.73,45.73,103.0,CNXN
2023-06-20 12:19:00,45.72,45.72,45.72,45.72,106.0,CNXN
2023-06-20 12:17:00,45.72,45.72,45.72,45.72,140.0,CNXN
2023-06-20 12:16:00,45.72,45.72,45.72,45.72,100.0,CNXN
2023-06-20 12:14:00,45.73,45.73,45.73,45.73,100.0,CNXN
2023-06-20 12:13:00,45.78,45.81,45.77,45.81,1082.0,CNXN
2023-06-20 12:12:00,45.66,45.66,45.66,45.66,105.0,CNXN
2023-06-20 12:10:00,45.66,45.66,45.66,45.66,100.0,CNXN
2023-06-20 12:09:00,45.66,45.72,45.66,45.72,374.0,CNXN
2023-06-20 12:07:00,45.66,45.72,45.66,45.72,200.0,CNXN
2023-06-20 12:05:00,45.64,45.64,45.64,45.64,242.0,CNXN
2023-06-20 12:04:00,45.76,45.76,45.76,45.76,525.0,CNXN
2023-06-20 12:00:00,45.8,45.815,45.8,45.815,205.0,CNXN
2023-06-20 11:59:00,45.79,45.79,45.79,45.79,373.0,CNXN
2023-06-20 11:58:00,45.75,45.75,45.75,45.75,411.0,CNXN
2023-06-20 11:54:00,45.78,45.78,45.78,45.78,457.0,CNXN
2023-06-20 11:51:00,45.64,45.64,45.64,45.64,130.0,CNXN
2023-06-20 11:41:00,45.75,45.75,45.75,45.75,120.0,CNXN
2023-06-20 11:20:00,45.975,45.975,45.975,45.975,106.0,CNXN
2023-06-20 11:18:00,46.0,46.0,46.0,46.0,268.0,CNXN
2023-06-20 11:17:00,46.03,46.03,46.03,46.03,219.0,CNXN
2023-06-20 11:16:00,46.09,46.09,46.09,46.09,172.0,CNXN
2023-06-20 11:12:00,46.09,46.11,46.09,46.11,795.0,CNXN
2023-06-20 11:11:00,46.09,46.09,46.09,46.09,109.0,CNXN
2023-06-20 11:03:00,46.08,46.08,46.045,46.045,395.0,CNXN
2023-06-20 11:02:00,46.1,46.1,46.06,46.06,599.0,CNXN
2023-06-20 11:01:00,46.115,46.115,46.09,46.09,771.0,CNXN
2023-06-20 10:59:00,46.11,46.11,46.11,46.11,117.0,CNXN
2023-06-20 10:52:00,46.085,46.085,46.085,46.085,140.0,CNXN
2023-06-20 10:41:00,46.04,46.04,46.04,46.04,100.0,CNXN
2023-06-20 10:35:00,46.09,46.11,46.07,46.07,1049.0,CNXN
2023-06-20 10:33:00,45.92,45.92,45.92,45.92,106.0,CNXN
2023-06-20 10:22:00,46.02,46.02,45.94,45.94,983.0,CNXN
2023-06-20 10:02:00,45.95,46.085,45.95,46.085,231.0,CNXN
2023-06-20 09:55:00,46.08,46.08,46.08,46.08,204.0,CNXN
2023-06-20 09:54:00,46.075,46.075,46.075,46.075,101.0,CNXN
2023-06-20 09:53:00,46.09,46.09,46.09,46.09,522.0,CNXN
2023-06-20 09:47:00,45.84,45.84,45.8,45.84,921.0,CNXN
2023-06-20 09:45:00,45.86,45.86,45.86,45.86,169.0,CNXN
2023-06-20 09:44:00,45.935,45.935,45.935,45.935,178.0,CNXN
2023-06-20 09:33:00,45.4,45.4,45.4,45.4,211.0,CNXN
2023-06-20 09:32:00,45.57,45.57,45.57,45.57,289.0,CNXN
2023-06-20 09:30:00,45.7,45.7,45.7,45.7,837.0,CNXN
2023-06-16 16:25:00,45.73,45.73,45.73,45.73,1976.0,CNXN
2023-06-16 16:17:00,45.73,45.73,45.73,45.73,9995.0,CNXN
2023-06-16 16:16:00,45.73,45.73,45.73,45.73,4338.0,CNXN
2023-06-16 16:11:00,45.73,45.73,45.73,45.73,79.0,CNXN
2023-06-16 16:09:00,45.732,45.732,45.73,45.73,3160.0,CNXN
2023-06-16 16:08:00,45.73,45.735,45.73,45.735,412.0,CNXN
2023-06-16 16:03:00,45.73,45.734,45.73,45.734,1622.0,CNXN
2023-06-16 16:02:00,45.73,45.73,45.73,45.73,731.0,CNXN
2023-06-16 16:01:00,45.73,45.73,45.73,45.73,1012.0,CNXN
2023-06-16 16:00:00,45.69,45.73,45.69,45.73,560134.0,CNXN
2023-06-16 15:59:00,45.69,45.71,45.67,45.69,1500.0,CNXN
2023-06-16 15:58:00,45.79,45.79,45.73,45.73,2232.0,CNXN
2023-06-16 15:57:00,45.81,45.81,45.81,45.81,459.0,CNXN
2023-06-16 15:56:00,45.76,45.82,45.735,45.82,1486.0,CNXN
2023-06-16 15:55:00,45.645,45.69,45.645,45.69,677.0,CNXN
2023-06-16 15:54:00,45.67,45.69,45.61,45.67,1810.0,CNXN
2023-06-16 15:53:00,45.72,45.73,45.66,45.725,1483.0,CNXN
2023-06-16 15:52:00,45.695,45.695,45.695,45.695,389.0,CNXN
2023-06-16 15:51:00,45.715,45.715,45.715,45.715,535.0,CNXN
2023-06-16 15:50:00,45.6,45.71,45.6,45.71,1433.0,CNXN
2023-06-16 15:49:00,45.56,45.56,45.56,45.56,502.0,CNXN
2023-06-16 15:48:00,45.56,45.56,45.56,45.56,311.0,CNXN
2023-06-16 15:47:00,45.55,45.56,45.495,45.56,1233.0,CNXN
2023-06-16 15:46:00,45.52,45.54,45.52,45.54,421.0,CNXN
2023-06-16 15:45:00,45.52,45.53,45.52,45.53,820.0,CNXN
2023-06-16 15:44:00,45.5,45.5,45.5,45.5,830.0,CNXN
2023-06-16 15:43:00,45.42,45.42,45.4,45.4,707.0,CNXN
2023-06-16 15:42:00,45.46,45.46,45.42,45.42,292.0,CNXN
2023-06-16 15:41:00,45.41,45.42,45.4,45.42,1307.0,CNXN
2023-06-16 15:40:00,45.44,45.44,45.44,45.44,150.0,CNXN
2023-06-16 15:39:00,45.44,45.44,45.44,45.44,680.0,CNXN
2023-06-16 15:36:00,45.41,45.47,45.41,45.47,210.0,CNXN
2023-06-16 15:35:00,45.44,45.44,45.44,45.44,570.0,CNXN
2023-06-16 15:32:00,45.38,45.39,45.365,45.365,732.0,CNXN
2023-06-16 15:30:00,45.36,45.36,45.36,45.36,146.0,CNXN
2023-06-16 15:29:00,45.39,45.39,45.39,45.39,563.0,CNXN
2023-06-16 15:28:00,45.39,45.39,45.39,45.39,285.0,CNXN
2023-06-16 15:27:00,45.385,45.385,45.33,45.33,1024.0,CNXN
2023-06-16 15:26:00,45.355,45.355,45.355,45.355,330.0,CNXN
2023-06-16 15:25:00,45.325,45.325,45.325,45.325,130.0,CNXN
2023-06-16 15:24:00,45.38,45.38,45.305,45.305,857.0,CNXN
2023-06-16 15:23:00,45.42,45.42,45.39,45.39,699.0,CNXN
2023-06-16 15:17:00,45.47,45.47,45.47,45.47,202.0,CNXN
2023-06-16 15:15:00,45.5,45.5,45.5,45.5,256.0,CNXN
2023-06-16 15:14:00,45.48,45.48,45.48,45.48,445.0,CNXN
2023-06-16 15:08:00,45.54,45.54,45.54,45.54,234.0,CNXN
2023-06-16 15:04:00,45.605,45.605,45.605,45.605,187.0,CNXN
2023-06-16 15:00:00,45.6,45.6,45.6,45.6,120.0,CNXN
2023-06-16 14:59:00,45.58,45.58,45.58,45.58,589.0,CNXN
2023-06-16 14:53:00,45.48,45.485,45.48,45.485,1003.0,CNXN
2023-06-16 14:41:00,45.54,45.54,45.54,45.54,100.0,CNXN
2023-06-16 14:39:00,45.53,45.53,45.53,45.53,273.0,CNXN
2023-06-16 14:36:00,45.57,45.57,45.57,45.57,116.0,CNXN
2023-06-16 14:31:00,45.6,45.6,45.6,45.6,196.0,CNXN
2023-06-16 14:24:00,45.64,45.64,45.64,45.64,297.0,CNXN
2023-06-16 14:20:00,45.62,45.62,45.585,45.62,524.0,CNXN
2023-06-16 14:19:00,45.56,45.56,45.56,45.56,141.0,CNXN
2023-06-16 14:18:00,45.62,45.62,45.62,45.62,444.0,CNXN
2023-06-16 14:14:00,45.7,45.7,45.655,45.655,398.0,CNXN
2023-06-16 14:04:00,45.745,45.745,45.71,45.71,504.0,CNXN
2023-06-16 14:00:00,45.72,45.72,45.72,45.72,136.0,CNXN
2023-06-16 13:47:00,45.78,45.78,45.78,45.78,140.0,CNXN
2023-06-16 13:46:00,45.8,45.81,45.8,45.8,1404.0,CNXN
2023-06-16 13:34:00,45.78,45.78,45.775,45.775,554.0,CNXN
2023-06-16 13:32:00,45.805,45.805,45.805,45.805,347.0,CNXN
2023-06-16 13:28:00,45.79,45.79,45.79,45.79,100.0,CNXN
2023-06-16 13:25:00,45.79,45.79,45.79,45.79,102.0,CNXN
2023-06-16 13:22:00,45.84,45.84,45.84,45.84,103.0,CNXN
2023-06-16 13:13:00,45.785,45.785,45.785,45.785,100.0,CNXN
2023-06-16 13:11:00,45.785,45.785,45.785,45.785,112.0,CNXN
2023-06-16 13:10:00,45.79,45.79,45.79,45.79,270.0,CNXN
2023-06-16 13:05:00,45.83,45.845,45.81,45.845,823.0,CNXN
2023-06-16 12:52:00,45.84,45.84,45.84,45.84,325.0,CNXN
2023-06-16 12:51:00,45.82,45.82,45.82,45.82,255.0,CNXN
2023-06-16 12:45:00,45.79,45.79,45.79,45.79,477.0,CNXN
2023-06-16 12:34:00,45.78,45.78,45.78,45.78,278.0,CNXN
2023-06-16 12:26:00,45.7,45.7,45.69,45.69,578.0,CNXN
2023-06-16 12:13:00,45.83,45.83,45.71,45.71,1267.0,CNXN
2023-06-16 12:12:00,45.805,45.805,45.805,45.805,129.0,CNXN
2023-06-16 12:06:00,45.89,45.89,45.89,45.89,104.0,CNXN
2023-06-16 11:57:00,45.9,45.9,45.9,45.9,193.0,CNXN
2023-06-16 11:54:00,45.8,45.9,45.8,45.805,1390.0,CNXN
2023-06-16 11:53:00,45.8,45.8,45.8,45.8,101.0,CNXN
2023-06-16 11:50:00,45.76,45.76,45.76,45.76,172.0,CNXN
2023-06-16 11:47:00,45.71,45.71,45.71,45.71,316.0,CNXN
2023-06-16 11:42:00,45.735,45.735,45.735,45.735,117.0,CNXN
2023-06-16 11:41:00,45.73,45.73,45.71,45.71,524.0,CNXN
2023-06-16 11:27:00,45.59,45.59,45.515,45.55,1684.0,CNXN
2023-06-16 11:18:00,45.61,45.61,45.61,45.61,177.0,CNXN
2023-06-16 11:13:00,45.74,45.74,45.74,45.74,196.0,CNXN
2023-06-16 11:07:00,45.65,45.65,45.65,45.65,405.0,CNXN
2023-06-16 11:06:00,45.55,45.55,45.55,45.55,235.0,CNXN
2023-06-16 11:01:00,45.63,45.63,45.63,45.63,208.0,CNXN
2023-06-16 10:59:00,45.605,45.605,45.605,45.605,358.0,CNXN
2023-06-16 10:54:00,45.575,45.575,45.575,45.575,112.0,CNXN
2023-06-16 10:53:00,45.72,45.72,45.595,45.595,400.0,CNXN
2023-06-16 10:51:00,45.57,45.57,45.57,45.57,152.0,CNXN
2023-06-16 10:42:00,45.56,45.56,45.56,45.56,384.0,CNXN
2023-06-16 10:41:00,45.56,45.56,45.56,45.56,295.0,CNXN
2023-06-16 10:40:00,45.76,45.76,45.76,45.76,500.0,CNXN
2023-06-16 10:34:00,45.97,45.97,45.845,45.845,802.0,CNXN
2023-06-16 10:19:00,46.1,46.16,46.04,46.04,1338.0,CNXN
2023-06-16 10:18:00,46.23,46.23,46.23,46.23,260.0,CNXN
2023-06-16 10:16:00,46.265,46.265,46.265,46.265,180.0,CNXN
2023-06-16 10:10:00,46.21,46.21,46.115,46.175,732.0,CNXN
2023-06-16 10:08:00,46.16,46.16,46.035,46.035,533.0,CNXN
2023-06-16 10:02:00,46.11,46.11,46.11,46.11,146.0,CNXN
2023-06-16 09:56:00,46.13,46.13,46.13,46.13,177.0,CNXN
2023-06-16 09:49:00,46.14,46.14,46.14,46.14,152.0,CNXN
2023-06-16 09:47:00,46.13,46.13,46.13,46.13,209.0,CNXN
2023-06-16 09:46:00,46.13,46.13,46.13,46.13,164.0,CNXN
2023-06-16 09:43:00,46.14,46.14,46.13,46.13,280.0,CNXN
2023-06-16 09:42:00,46.21,46.21,46.21,46.21,583.0,CNXN
2023-06-16 09:41:00,46.24,46.24,46.24,46.24,115.0,CNXN
2023-06-16 09:39:00,46.06,46.06,46.06,46.06,304.0,CNXN
2023-06-16 09:36:00,46.35,46.35,46.35,46.35,102.0,CNXN
2023-06-16 09:34:00,46.46,46.46,46.43,46.43,248.0,CNXN
2023-06-16 09:32:00,46.535,46.535,46.535,46.535,128.0,CNXN
2023-06-16 09:30:00,46.26,46.35,46.26,46.35,14963.0,CNXN
2023-06-16 09:27:00,46.2,46.2,46.2,46.2,200.0,CNXN
2023-06-15 16:01:00,45.85,45.85,45.85,45.85,1020.0,CNXN
2023-06-15 16:00:00,45.9,45.9,45.85,45.85,19067.0,CNXN
2023-06-15 15:59:00,45.85,45.9,45.825,45.9,4031.0,CNXN
2023-06-15 15:58:00,45.86,45.86,45.86,45.86,299.0,CNXN
2023-06-15 15:56:00,45.88,45.88,45.88,45.88,752.0,CNXN
2023-06-15 15:55:00,45.895,45.91,45.895,45.91,595.0,CNXN
2023-06-15 15:54:00,45.9,45.9,45.9,45.9,719.0,CNXN
2023-06-15 15:53:00,45.92,45.92,45.92,45.92,566.0,CNXN
2023-06-15 15:51:00,45.95,45.95,45.95,45.95,524.0,CNXN
2023-06-15 15:50:00,45.97,45.97,45.97,45.97,456.0,CNXN
2023-06-15 15:49:00,45.93,45.93,45.89,45.93,555.0,CNXN
2023-06-15 15:48:00,45.97,45.97,45.97,45.97,799.0,CNXN
2023-06-15 15:46:00,45.9,45.9,45.9,45.9,237.0,CNXN
2023-06-15 15:45:00,45.9,45.92,45.9,45.92,680.0,CNXN
2023-06-15 15:44:00,45.9,45.9,45.86,45.86,578.0,CNXN
2023-06-15 15:41:00,45.91,45.91,45.91,45.91,301.0,CNXN
2023-06-15 15:38:00,45.82,45.87,45.82,45.87,973.0,CNXN
2023-06-15 15:36:00,45.78,45.78,45.77,45.77,501.0,CNXN
2023-06-15 15:34:00,45.84,45.84,45.84,45.84,235.0,CNXN
2023-06-15 15:30:00,45.81,45.82,45.81,45.82,390.0,CNXN
2023-06-15 15:26:00,45.76,45.76,45.76,45.76,203.0,CNXN
2023-06-15 15:25:00,45.77,45.77,45.77,45.77,260.0,CNXN
2023-06-15 15:24:00,45.76,45.76,45.76,45.76,266.0,CNXN
2023-06-15 15:23:00,45.78,45.78,45.78,45.78,100.0,CNXN
2023-06-15 15:22:00,45.72,45.78,45.72,45.78,1140.0,CNXN
2023-06-15 15:21:00,45.65,45.65,45.65,45.65,239.0,CNXN
2023-06-15 15:19:00,45.73,45.73,45.73,45.73,565.0,CNXN
2023-06-15 15:17:00,45.73,45.73,45.73,45.73,136.0,CNXN
2023-06-15 14:58:00,45.95,45.95,45.95,45.95,250.0,CNXN
2023-06-15 14:50:00,45.92,45.92,45.92,45.92,350.0,CNXN
2023-06-15 14:40:00,45.9,45.9,45.9,45.9,635.0,CNXN
2023-06-15 14:32:00,45.75,45.75,45.75,45.75,193.0,CNXN
2023-06-15 14:24:00,45.675,45.75,45.675,45.75,295.0,CNXN
2023-06-15 14:18:00,45.695,45.695,45.695,45.695,153.0,CNXN
2023-06-15 14:16:00,45.73,45.73,45.73,45.73,506.0,CNXN
2023-06-15 14:09:00,45.805,45.805,45.805,45.805,116.0,CNXN
2023-06-15 14:01:00,45.71,45.71,45.71,45.71,367.0,CNXN
2023-06-15 13:54:00,45.66,45.66,45.655,45.655,274.0,CNXN
2023-06-15 13:49:00,45.69,45.69,45.645,45.645,617.0,CNXN
2023-06-15 13:42:00,45.59,45.6,45.56,45.6,1060.0,CNXN
2023-06-15 13:21:00,45.65,45.65,45.65,45.65,156.0,CNXN
2023-06-15 13:20:00,45.64,45.64,45.64,45.64,160.0,CNXN
2023-06-15 13:18:00,45.69,45.69,45.69,45.69,122.0,CNXN
2023-06-15 13:13:00,45.64,45.64,45.64,45.64,155.0,CNXN
2023-06-15 13:05:00,45.64,45.64,45.64,45.64,137.0,CNXN
2023-06-15 12:55:00,45.645,45.645,45.64,45.64,690.0,CNXN
2023-06-15 12:42:00,45.675,45.675,45.675,45.675,100.0,CNXN
2023-06-15 12:26:00,45.65,45.65,45.65,45.65,157.0,CNXN
2023-06-15 12:19:00,45.74,45.76,45.74,45.74,728.0,CNXN
2023-06-15 12:16:00,45.84,45.84,45.83,45.83,561.0,CNXN
2023-06-15 12:14:00,45.88,45.88,45.88,45.88,129.0,CNXN
2023-06-15 12:13:00,45.89,45.89,45.89,45.89,214.0,CNXN
2023-06-15 12:08:00,45.965,45.965,45.965,45.965,133.0,CNXN
2023-06-15 11:59:00,45.8,45.97,45.8,45.97,1999.0,CNXN
2023-06-15 11:56:00,45.775,45.775,45.775,45.775,112.0,CNXN
2023-06-15 11:53:00,45.775,45.775,45.775,45.775,120.0,CNXN
2023-06-15 11:48:00,45.82,45.82,45.75,45.75,231.0,CNXN
2023-06-15 11:45:00,45.77,45.77,45.77,45.77,123.0,CNXN
2023-06-15 11:40:00,45.7,45.765,45.7,45.765,561.0,CNXN
2023-06-15 11:39:00,45.71,45.78,45.71,45.78,520.0,CNXN
2023-06-15 11:27:00,45.735,45.735,45.735,45.735,139.0,CNXN
2023-06-15 11:17:00,45.59,45.59,45.59,45.59,104.0,CNXN
2023-06-15 11:08:00,45.58,45.58,45.58,45.58,105.0,CNXN
2023-06-15 10:59:00,45.52,45.52,45.52,45.52,358.0,CNXN
2023-06-15 10:45:00,45.48,45.48,45.48,45.48,215.0,CNXN
2023-06-15 10:40:00,45.55,45.55,45.55,45.55,800.0,CNXN
2023-06-15 10:21:00,45.71,45.71,45.71,45.71,169.0,CNXN
2023-06-15 10:20:00,45.33,45.69,45.33,45.69,1153.0,CNXN
2023-06-15 10:18:00,45.255,45.255,45.255,45.255,143.0,CNXN
2023-06-15 10:13:00,45.325,45.325,45.255,45.255,368.0,CNXN
2023-06-15 10:00:00,45.69,45.69,45.69,45.69,345.0,CNXN
2023-06-15 09:58:00,45.52,45.62,45.52,45.62,578.0,CNXN
2023-06-15 09:55:00,45.985,45.985,45.78,45.79,833.0,CNXN
2023-06-15 09:44:00,46.04,46.04,46.015,46.015,420.0,CNXN
2023-06-15 09:30:00,45.73,45.73,45.73,45.73,275.0,CNXN
2023-06-15 09:25:00,45.85,45.85,45.85,45.85,24.0,CNXN
2023-06-14 16:08:00,45.89,45.89,45.89,45.89,6.0,CNXN
2023-06-14 16:07:00,45.89,45.89,45.89,45.89,1.0,CNXN
2023-06-14 16:02:00,45.89,45.89,45.89,45.89,824.0,CNXN
2023-06-14 16:01:00,45.89,45.89,45.89,45.89,267.0,CNXN
2023-06-14 16:00:00,45.94,45.94,45.89,45.89,16212.0,CNXN
2023-06-14 15:59:00,45.87,45.94,45.85,45.94,2884.0,CNXN
2023-06-14 15:58:00,45.86,45.86,45.81,45.86,1386.0,CNXN
2023-06-14 15:57:00,45.77,45.87,45.735,45.87,2909.0,CNXN
2023-06-14 15:56:00,45.76,45.76,45.735,45.76,495.0,CNXN
2023-06-14 15:55:00,45.7,45.735,45.7,45.735,663.0,CNXN
2023-06-14 15:54:00,45.725,45.725,45.725,45.725,195.0,CNXN
2023-06-14 15:53:00,45.71,45.72,45.71,45.71,592.0,CNXN
2023-06-14 15:49:00,45.82,45.84,45.8,45.84,1562.0,CNXN
2023-06-14 15:47:00,45.89,45.89,45.89,45.89,232.0,CNXN
2023-06-14 15:45:00,45.87,45.87,45.83,45.83,252.0,CNXN
2023-06-14 15:43:00,45.865,45.865,45.865,45.865,202.0,CNXN
2023-06-14 15:41:00,45.97,45.97,45.87,45.87,546.0,CNXN
2023-06-14 15:40:00,45.855,45.915,45.855,45.915,281.0,CNXN
2023-06-14 15:38:00,45.91,45.91,45.91,45.91,132.0,CNXN
2023-06-14 15:36:00,45.94,45.94,45.89,45.935,420.0,CNXN
2023-06-14 15:35:00,45.975,45.975,45.975,45.975,112.0,CNXN
2023-06-14 15:33:00,45.94,45.94,45.94,45.94,135.0,CNXN
2023-06-14 15:31:00,45.935,45.935,45.935,45.935,116.0,CNXN
2023-06-14 15:29:00,45.97,45.97,45.97,45.97,137.0,CNXN
2023-06-14 15:27:00,46.0,46.0,46.0,46.0,295.0,CNXN
2023-06-14 15:25:00,46.03,46.04,46.03,46.04,448.0,CNXN
2023-06-14 15:21:00,45.95,45.95,45.94,45.94,385.0,CNXN
2023-06-14 15:20:00,45.89,45.89,45.89,45.89,228.0,CNXN
2023-06-14 15:16:00,45.88,45.88,45.88,45.88,194.0,CNXN
2023-06-14 15:15:00,45.94,45.94,45.935,45.935,528.0,CNXN
2023-06-14 15:13:00,45.94,45.94,45.92,45.92,275.0,CNXN
2023-06-14 15:10:00,45.97,45.97,45.97,45.97,100.0,CNXN
2023-06-14 15:07:00,45.98,45.98,45.98,45.98,311.0,CNXN
2023-06-14 15:04:00,45.915,45.93,45.915,45.93,358.0,CNXN
2023-06-14 15:02:00,45.96,45.96,45.96,45.96,115.0,CNXN
2023-06-14 15:01:00,45.96,45.96,45.96,45.96,100.0,CNXN
2023-06-14 14:55:00,45.88,45.88,45.88,45.88,386.0,CNXN
2023-06-14 14:53:00,45.83,45.83,45.82,45.82,585.0,CNXN
2023-06-14 14:44:00,45.83,45.93,45.83,45.93,411.0,CNXN
2023-06-14 14:43:00,45.63,45.63,45.63,45.63,413.0,CNXN
2023-06-14 14:36:00,45.77,45.8,45.77,45.8,323.0,CNXN
2023-06-14 14:33:00,45.75,45.75,45.75,45.75,408.0,CNXN
2023-06-14 14:32:00,45.645,45.645,45.645,45.645,224.0,CNXN
2023-06-14 14:29:00,45.57,45.57,45.57,45.57,306.0,CNXN
2023-06-14 14:28:00,45.515,45.515,45.515,45.515,148.0,CNXN
2023-06-14 14:25:00,45.495,45.495,45.495,45.495,505.0,CNXN
2023-06-14 14:23:00,45.505,45.505,45.505,45.505,120.0,CNXN
2023-06-14 14:18:00,45.47,45.47,45.47,45.47,118.0,CNXN
2023-06-14 14:15:00,45.53,45.62,45.43,45.47,2216.0,CNXN
2023-06-14 14:13:00,45.58,45.6,45.577,45.59,752.0,CNXN
2023-06-14 14:07:00,45.6,45.6,45.6,45.6,167.0,CNXN
2023-06-14 14:03:00,45.66,45.695,45.66,45.695,373.0,CNXN
2023-06-14 14:02:00,45.695,45.695,45.52,45.615,444.0,CNXN
2023-06-14 13:54:00,45.66,45.66,45.66,45.66,209.0,CNXN
2023-06-14 13:53:00,45.59,45.59,45.57,45.57,255.0,CNXN
2023-06-14 13:52:00,45.58,45.58,45.56,45.56,669.0,CNXN
2023-06-14 13:49:00,45.54,45.54,45.54,45.54,151.0,CNXN
2023-06-14 13:48:00,45.47,45.48,45.41,45.41,1413.0,CNXN
2023-06-14 13:45:00,45.24,45.24,45.24,45.24,257.0,CNXN
2023-06-14 13:40:00,45.49,45.49,45.389,45.389,434.0,CNXN
2023-06-14 13:30:00,45.3,45.385,45.28,45.385,337.0,CNXN
2023-06-14 13:20:00,45.38,45.38,45.38,45.38,212.0,CNXN
2023-06-14 13:13:00,45.405,45.405,45.405,45.405,146.0,CNXN
2023-06-14 13:12:00,45.395,45.405,45.395,45.405,310.0,CNXN
2023-06-14 13:11:00,45.38,45.38,45.32,45.32,593.0,CNXN
2023-06-14 13:09:00,45.455,45.455,45.455,45.455,106.0,CNXN
2023-06-14 13:08:00,45.39,45.39,45.39,45.39,119.0,CNXN
2023-06-14 12:54:00,45.36,45.36,45.36,45.36,295.0,CNXN
2023-06-14 12:53:00,45.385,45.385,45.385,45.385,103.0,CNXN
2023-06-14 12:52:00,45.43,45.43,45.39,45.39,876.0,CNXN
2023-06-14 12:41:00,45.44,45.44,45.43,45.43,241.0,CNXN
2023-06-14 12:31:00,45.48,45.48,45.48,45.48,316.0,CNXN
2023-06-14 12:21:00,45.51,45.51,45.51,45.51,279.0,CNXN
2023-06-14 12:15:00,45.52,45.521,45.52,45.521,615.0,CNXN
2023-06-14 12:11:00,45.54,45.54,45.54,45.54,241.0,CNXN
2023-06-14 11:57:00,45.71,45.71,45.69,45.69,477.0,CNXN
2023-06-14 11:53:00,45.762,45.762,45.762,45.762,244.0,CNXN
2023-06-14 11:47:00,45.72,45.72,45.72,45.72,246.0,CNXN
2023-06-14 11:34:00,45.825,45.859,45.795,45.85,962.0,CNXN
2023-06-14 11:25:00,45.78,45.78,45.78,45.78,160.0,CNXN
2023-06-14 11:10:00,45.77,45.77,45.77,45.77,101.0,CNXN
2023-06-14 11:02:00,45.67,45.71,45.67,45.71,316.0,CNXN
2023-06-14 10:55:00,45.73,45.74,45.73,45.74,775.0,CNXN
2023-06-14 10:46:00,45.8,45.8,45.625,45.625,889.0,CNXN
2023-06-14 10:35:00,45.94,45.94,45.94,45.94,258.0,CNXN
2023-06-14 10:06:00,46.125,46.125,46.125,46.125,246.0,CNXN
2023-06-14 10:04:00,45.911,45.911,45.911,45.911,191.0,CNXN
2023-06-14 09:43:00,46.43,46.43,46.43,46.43,120.0,CNXN
2023-06-14 09:30:00,46.19,46.19,46.19,46.19,315.0,CNXN
2023-06-14 09:29:00,46.19,46.19,46.19,46.19,29.0,CNXN
2023-06-13 16:02:00,46.19,46.19,46.19,46.19,253.0,CNXN
2023-06-13 16:01:00,46.19,46.19,46.19,46.19,2410.0,CNXN
2023-06-13 16:00:00,46.19,46.19,46.19,46.19,26355.0,CNXN
2023-06-13 15:59:00,46.22,46.23,46.17,46.19,2640.0,CNXN
2023-06-13 15:58:00,46.235,46.26,46.15,46.15,1418.0,CNXN
2023-06-13 15:57:00,46.235,46.235,46.23,46.23,794.0,CNXN
2023-06-13 15:56:00,46.27,46.27,46.27,46.27,338.0,CNXN
2023-06-13 15:55:00,46.23,46.27,46.21,46.26,1770.0,CNXN
2023-06-13 15:54:00,46.24,46.26,46.24,46.26,534.0,CNXN
2023-06-13 15:53:00,46.23,46.23,46.23,46.23,348.0,CNXN
2023-06-13 15:52:00,46.27,46.28,46.26,46.26,923.0,CNXN
2023-06-13 15:51:00,46.26,46.26,46.26,46.26,356.0,CNXN
2023-06-13 15:50:00,46.26,46.26,46.26,46.26,260.0,CNXN
2023-06-13 15:49:00,46.27,46.27,46.27,46.27,312.0,CNXN
2023-06-13 15:46:00,46.28,46.28,46.28,46.28,313.0,CNXN
2023-06-13 15:45:00,46.36,46.36,46.36,46.36,583.0,CNXN
2023-06-13 15:44:00,46.36,46.365,46.36,46.365,298.0,CNXN
2023-06-13 15:43:00,46.44,46.44,46.44,46.44,101.0,CNXN
2023-06-13 15:41:00,46.36,46.36,46.358,46.358,355.0,CNXN
2023-06-13 15:40:00,46.36,46.38,46.35,46.38,561.0,CNXN
2023-06-13 15:39:00,46.37,46.37,46.37,46.37,626.0,CNXN
2023-06-13 15:38:00,46.37,46.37,46.37,46.37,102.0,CNXN
2023-06-13 15:36:00,46.33,46.33,46.33,46.33,311.0,CNXN
2023-06-13 15:35:00,46.28,46.31,46.28,46.31,334.0,CNXN
2023-06-13 15:34:00,46.32,46.32,46.32,46.32,450.0,CNXN
2023-06-13 15:30:00,46.36,46.36,46.321,46.321,1559.0,CNXN
2023-06-13 15:21:00,46.35,46.35,46.35,46.35,237.0,CNXN
2023-06-13 15:20:00,46.36,46.36,46.36,46.36,306.0,CNXN
2023-06-13 15:06:00,46.36,46.43,46.36,46.43,207.0,CNXN
2023-06-13 15:01:00,46.35,46.35,46.35,46.35,413.0,CNXN
2023-06-13 15:00:00,46.3,46.3,46.3,46.3,277.0,CNXN
2023-06-13 14:50:00,46.255,46.255,46.25,46.25,201.0,CNXN
2023-06-13 14:43:00,46.3,46.3,46.3,46.3,429.0,CNXN
2023-06-13 14:40:00,46.27,46.29,46.27,46.29,237.0,CNXN
2023-06-13 14:39:00,46.22,46.26,46.22,46.26,585.0,CNXN
2023-06-13 14:32:00,46.23,46.23,46.23,46.23,350.0,CNXN
2023-06-13 14:22:00,46.32,46.32,46.31,46.31,846.0,CNXN
2023-06-13 14:19:00,46.31,46.31,46.31,46.31,501.0,CNXN
2023-06-13 14:12:00,46.295,46.295,46.295,46.295,111.0,CNXN
2023-06-13 14:03:00,46.335,46.335,46.335,46.335,102.0,CNXN
2023-06-13 13:54:00,46.45,46.45,46.45,46.45,506.0,CNXN
2023-06-13 13:50:00,46.47,46.47,46.47,46.47,429.0,CNXN
2023-06-13 13:47:00,46.48,46.48,46.48,46.48,107.0,CNXN
2023-06-13 13:43:00,46.475,46.475,46.475,46.475,100.0,CNXN
2023-06-13 13:35:00,46.515,46.515,46.515,46.515,101.0,CNXN
2023-06-13 13:32:00,46.515,46.515,46.515,46.515,126.0,CNXN
2023-06-13 13:28:00,46.48,46.48,46.47,46.47,401.0,CNXN
2023-06-13 13:26:00,46.42,46.42,46.42,46.42,476.0,CNXN
2023-06-13 13:18:00,46.335,46.337,46.335,46.337,403.0,CNXN
2023-06-13 13:13:00,46.335,46.335,46.335,46.335,101.0,CNXN
2023-06-13 13:06:00,46.485,46.485,46.485,46.485,105.0,CNXN
2023-06-13 13:04:00,46.48,46.48,46.48,46.48,213.0,CNXN
2023-06-13 12:46:00,46.51,46.51,46.51,46.51,125.0,CNXN
2023-06-13 12:42:00,46.65,46.65,46.62,46.62,599.0,CNXN
2023-06-13 12:38:00,46.73,46.73,46.73,46.73,131.0,CNXN
2023-06-13 12:28:00,46.69,46.69,46.69,46.69,677.0,CNXN
2023-06-13 12:21:00,46.61,46.63,46.61,46.63,825.0,CNXN
2023-06-13 12:20:00,46.575,46.575,46.575,46.575,170.0,CNXN
2023-06-13 12:05:00,46.455,46.455,46.455,46.455,102.0,CNXN
2023-06-13 11:58:00,46.405,46.405,46.405,46.405,101.0,CNXN
2023-06-13 11:56:00,46.69,46.69,46.69,46.69,237.0,CNXN
2023-06-13 11:55:00,46.75,46.83,46.72,46.72,992.0,CNXN
2023-06-13 11:54:00,46.75,46.75,46.75,46.75,165.0,CNXN
2023-06-13 11:46:00,46.797,46.797,46.797,46.797,205.0,CNXN
2023-06-13 11:40:00,46.87,46.87,46.87,46.87,306.0,CNXN
2023-06-13 11:39:00,46.75,46.75,46.75,46.75,340.0,CNXN
2023-06-13 11:33:00,46.77,46.77,46.77,46.77,518.0,CNXN
2023-06-13 11:32:00,47.03,47.03,46.941,46.941,643.0,CNXN
2023-06-13 11:30:00,47.025,47.025,47.025,47.025,100.0,CNXN
2023-06-13 11:29:00,47.12,47.12,47.03,47.03,658.0,CNXN
2023-06-13 11:17:00,47.32,47.36,47.22,47.23,1292.0,CNXN
2023-06-13 11:16:00,47.41,47.46,47.36,47.36,2518.0,CNXN
2023-06-13 11:15:00,47.372,47.39,47.372,47.39,641.0,CNXN
2023-06-13 11:10:00,47.32,47.33,47.3,47.33,445.0,CNXN
2023-06-13 11:06:00,47.29,47.305,47.29,47.305,237.0,CNXN
2023-06-13 11:02:00,47.32,47.32,47.32,47.32,100.0,CNXN
2023-06-13 10:59:00,47.41,47.41,47.36,47.405,569.0,CNXN
2023-06-13 10:56:00,47.415,47.415,47.41,47.41,413.0,CNXN
2023-06-13 10:55:00,47.495,47.495,47.33,47.41,1567.0,CNXN
2023-06-13 10:54:00,47.26,47.42,47.26,47.42,2351.0,CNXN
2023-06-13 10:49:00,47.26,47.26,47.26,47.26,128.0,CNXN
2023-06-13 10:38:00,47.28,47.28,47.21,47.27,809.0,CNXN
2023-06-13 10:34:00,47.07,47.07,47.07,47.07,100.0,CNXN
2023-06-13 10:30:00,47.005,47.005,47.005,47.005,303.0,CNXN
2023-06-13 10:28:00,47.005,47.005,47.005,47.005,114.0,CNXN
2023-06-13 10:22:00,47.015,47.015,47.015,47.015,100.0,CNXN
2023-06-13 10:20:00,47.08,47.08,47.08,47.08,293.0,CNXN
2023-06-13 10:19:00,46.91,46.91,46.91,46.91,340.0,CNXN
2023-06-13 10:18:00,46.71,47.0,46.71,46.89,3110.0,CNXN
2023-06-13 10:17:00,46.66,46.66,46.66,46.66,122.0,CNXN
2023-06-13 10:16:00,46.645,46.645,46.645,46.645,235.0,CNXN
2023-06-13 10:12:00,46.585,46.73,46.585,46.595,445.0,CNXN
2023-06-13 10:11:00,46.74,46.74,46.585,46.585,544.0,CNXN
2023-06-13 10:10:00,46.615,46.72,46.615,46.615,415.0,CNXN
2023-06-13 10:08:00,46.665,46.665,46.665,46.665,234.0,CNXN
2023-06-13 10:07:00,46.665,46.665,46.665,46.665,1337.0,CNXN
2023-06-13 09:58:00,46.635,46.635,46.635,46.635,121.0,CNXN
2023-06-13 09:49:00,46.57,46.57,46.57,46.57,101.0,CNXN
2023-06-13 09:42:00,46.89,46.9,46.435,46.435,317.0,CNXN
2023-06-13 09:35:00,46.78,46.78,46.78,46.78,100.0,CNXN
2023-06-13 09:30:00,46.81,46.81,46.81,46.81,410.0,CNXN
2023-06-12 16:01:00,46.51,46.51,46.51,46.51,340.0,CNXN
2023-06-12 16:00:00,46.43,46.51,46.43,46.51,17007.0,CNXN
2023-06-12 15:59:00,46.43,46.51,46.41,46.43,2422.0,CNXN
2023-06-12 15:58:00,46.37,46.38,46.33,46.33,1443.0,CNXN
2023-06-12 15:57:00,46.36,46.425,46.36,46.425,741.0,CNXN
2023-06-12 15:56:00,46.37,46.37,46.37,46.37,687.0,CNXN
2023-06-12 15:54:00,46.43,46.43,46.43,46.43,661.0,CNXN
2023-06-12 15:53:00,46.49,46.49,46.39,46.39,1971.0,CNXN
2023-06-12 15:51:00,46.48,46.48,46.48,46.48,270.0,CNXN
2023-06-12 15:50:00,46.4,46.44,46.35,46.44,2566.0,CNXN
2023-06-12 15:49:00,46.29,46.29,46.29,46.29,189.0,CNXN
2023-06-12 15:48:00,46.35,46.42,46.3,46.42,1616.0,CNXN
2023-06-12 15:46:00,46.35,46.35,46.35,46.35,187.0,CNXN
2023-06-12 15:45:00,46.455,46.455,46.455,46.455,158.0,CNXN
2023-06-12 15:44:00,46.38,46.38,46.38,46.38,279.0,CNXN
2023-06-12 15:43:00,46.39,46.39,46.39,46.39,111.0,CNXN
2023-06-12 15:42:00,46.4,46.4,46.4,46.4,335.0,CNXN
2023-06-12 15:41:00,46.47,46.505,46.47,46.505,221.0,CNXN
2023-06-12 15:37:00,46.38,46.38,46.38,46.38,240.0,CNXN
2023-06-12 15:36:00,46.515,46.515,46.42,46.42,645.0,CNXN
2023-06-12 15:32:00,46.48,46.48,46.48,46.48,236.0,CNXN
2023-06-12 15:30:00,46.58,46.58,46.58,46.58,103.0,CNXN
2023-06-12 15:19:00,46.56,46.56,46.56,46.56,230.0,CNXN
2023-06-12 15:16:00,46.655,46.655,46.655,46.655,101.0,CNXN
2023-06-12 15:14:00,46.59,46.59,46.59,46.59,279.0,CNXN
2023-06-12 15:13:00,46.58,46.615,46.58,46.615,1004.0,CNXN
2023-06-12 15:09:00,46.57,46.57,46.535,46.535,382.0,CNXN
2023-06-12 14:57:00,46.5,46.5,46.5,46.5,131.0,CNXN
2023-06-12 14:55:00,46.49,46.49,46.49,46.49,654.0,CNXN
2023-06-12 14:48:00,46.56,46.56,46.56,46.56,115.0,CNXN
2023-06-12 14:42:00,46.62,46.62,46.62,46.62,103.0,CNXN
2023-06-12 14:41:00,46.63,46.63,46.63,46.63,104.0,CNXN
2023-06-12 14:33:00,46.58,46.58,46.58,46.58,213.0,CNXN
2023-06-12 13:52:00,46.575,46.65,46.575,46.65,410.0,CNXN
2023-06-12 13:48:00,46.55,46.55,46.55,46.55,439.0,CNXN
2023-06-12 13:43:00,46.49,46.49,46.49,46.49,109.0,CNXN
2023-06-12 13:32:00,46.525,46.525,46.525,46.525,134.0,CNXN
2023-06-12 13:30:00,46.55,46.55,46.54,46.55,504.0,CNXN
2023-06-12 13:24:00,46.63,46.63,46.63,46.63,101.0,CNXN
2023-06-12 13:22:00,46.61,46.61,46.61,46.61,231.0,CNXN
2023-06-12 13:11:00,46.71,46.71,46.71,46.71,637.0,CNXN
2023-06-12 13:07:00,46.61,46.61,46.61,46.61,100.0,CNXN
2023-06-12 13:06:00,46.66,46.66,46.66,46.66,573.0,CNXN
2023-06-12 13:01:00,46.77,46.77,46.77,46.77,143.0,CNXN
2023-06-12 13:00:00,46.68,46.68,46.68,46.68,331.0,CNXN
2023-06-12 12:35:00,46.602,46.63,46.602,46.63,1022.0,CNXN
2023-06-12 12:26:00,46.63,46.63,46.63,46.63,153.0,CNXN
2023-06-12 12:22:00,46.46,46.46,46.46,46.46,450.0,CNXN
2023-06-12 12:15:00,46.44,46.44,46.44,46.44,475.0,CNXN
2023-06-12 12:12:00,46.42,46.42,46.42,46.42,109.0,CNXN
2023-06-12 12:06:00,46.41,46.43,46.41,46.43,535.0,CNXN
2023-06-12 11:51:00,46.37,46.37,46.325,46.325,446.0,CNXN
2023-06-12 11:47:00,46.31,46.31,46.31,46.31,103.0,CNXN
2023-06-12 11:36:00,46.285,46.35,46.285,46.3,1171.0,CNXN
2023-06-12 11:33:00,46.24,46.24,46.24,46.24,255.0,CNXN
2023-06-12 11:29:00,46.24,46.24,46.24,46.24,144.0,CNXN
2023-06-12 11:20:00,46.345,46.345,46.345,46.345,110.0,CNXN
2023-06-12 11:17:00,46.32,46.32,46.32,46.32,277.0,CNXN
2023-06-12 11:13:00,46.35,46.35,46.35,46.35,110.0,CNXN
2023-06-12 11:10:00,46.35,46.35,46.35,46.35,111.0,CNXN
2023-06-12 11:08:00,46.35,46.35,46.35,46.35,100.0,CNXN
2023-06-12 11:05:00,46.33,46.33,46.33,46.33,284.0,CNXN
2023-06-12 10:57:00,46.205,46.28,46.205,46.28,926.0,CNXN
2023-06-12 10:56:00,46.175,46.18,46.175,46.18,310.0,CNXN
2023-06-12 10:55:00,46.15,46.15,46.15,46.15,600.0,CNXN
2023-06-12 10:54:00,46.05,46.05,46.05,46.05,327.0,CNXN
2023-06-12 10:38:00,46.17,46.17,46.17,46.17,595.0,CNXN
2023-06-12 10:22:00,46.38,46.38,46.38,46.38,507.0,CNXN
2023-06-12 10:19:00,46.375,46.38,46.37,46.37,975.0,CNXN
2023-06-12 10:14:00,46.38,46.38,46.38,46.38,138.0,CNXN
2023-06-12 10:10:00,46.19,46.19,46.19,46.19,323.0,CNXN
2023-06-12 10:02:00,46.24,46.24,46.24,46.24,100.0,CNXN
2023-06-12 10:00:00,46.03,46.11,46.03,46.11,693.0,CNXN
2023-06-12 09:41:00,46.1,46.1,46.1,46.1,604.0,CNXN
2023-06-12 09:30:00,46.11,46.11,46.11,46.11,859.0,CNXN
2023-06-09 16:02:00,46.08,46.08,46.08,46.08,202.0,CNXN
2023-06-09 16:01:00,46.08,46.08,46.08,46.08,244.0,CNXN
2023-06-09 16:00:00,46.06,46.08,46.06,46.08,10395.0,CNXN
2023-06-09 15:59:00,46.02,46.2,46.02,46.06,4257.0,CNXN
2023-06-09 15:58:00,45.97,46.02,45.97,46.02,535.0,CNXN
2023-06-09 15:57:00,46.01,46.01,45.965,46.01,914.0,CNXN
2023-06-09 15:56:00,45.92,46.01,45.92,46.01,408.0,CNXN
2023-06-09 15:55:00,45.965,46.01,45.965,46.01,721.0,CNXN
2023-06-09 15:54:00,46.02,46.02,46.02,46.02,485.0,CNXN
2023-06-09 15:53:00,46.0,46.01,46.0,46.01,298.0,CNXN
2023-06-09 15:51:00,46.01,46.01,46.01,46.01,284.0,CNXN
2023-06-09 15:50:00,45.965,45.965,45.965,45.965,325.0,CNXN
2023-06-09 15:48:00,46.02,46.02,46.02,46.02,117.0,CNXN
2023-06-09 15:47:00,46.045,46.045,46.045,46.045,240.0,CNXN
2023-06-09 15:46:00,46.035,46.1,46.035,46.1,479.0,CNXN
2023-06-09 15:44:00,45.99,45.99,45.99,45.99,434.0,CNXN
2023-06-09 15:43:00,45.98,45.98,45.98,45.98,242.0,CNXN
2023-06-09 15:41:00,46.02,46.02,46.02,46.02,207.0,CNXN
2023-06-09 15:37:00,45.98,45.98,45.98,45.98,439.0,CNXN
2023-06-09 15:36:00,46.06,46.06,46.06,46.06,105.0,CNXN
2023-06-09 15:33:00,45.99,45.99,45.99,45.99,419.0,CNXN
2023-06-09 15:32:00,45.95,45.95,45.95,45.95,281.0,CNXN
2023-06-09 15:29:00,45.95,45.95,45.95,45.95,313.0,CNXN
2023-06-09 15:25:00,45.94,45.94,45.94,45.94,124.0,CNXN
2023-06-09 15:24:00,45.96,45.96,45.96,45.96,100.0,CNXN
2023-06-09 15:22:00,45.96,45.96,45.96,45.96,101.0,CNXN
2023-06-09 15:21:00,45.96,45.96,45.96,45.96,165.0,CNXN
2023-06-09 15:09:00,45.865,45.865,45.865,45.865,417.0,CNXN
2023-06-09 15:08:00,45.88,45.88,45.88,45.88,290.0,CNXN
2023-06-09 15:06:00,45.9,45.9,45.88,45.88,445.0,CNXN
2023-06-09 15:03:00,45.97,45.97,45.97,45.97,151.0,CNXN
2023-06-09 15:02:00,45.98,45.98,45.98,45.98,121.0,CNXN
2023-06-09 14:56:00,45.96,45.96,45.96,45.96,115.0,CNXN
2023-06-09 14:50:00,45.87,45.87,45.87,45.87,263.0,CNXN
2023-06-09 14:46:00,45.88,45.88,45.88,45.88,405.0,CNXN
2023-06-09 14:39:00,45.89,45.89,45.89,45.89,125.0,CNXN
2023-06-09 14:32:00,45.81,45.81,45.81,45.81,223.0,CNXN
2023-06-09 13:49:00,45.87,45.87,45.87,45.87,136.0,CNXN
2023-06-09 13:31:00,45.86,45.86,45.86,45.86,294.0,CNXN
2023-06-09 13:17:00,45.87,45.91,45.87,45.91,208.0,CNXN
2023-06-09 12:59:00,45.82,45.82,45.77,45.77,703.0,CNXN
2023-06-09 12:36:00,45.88,45.88,45.88,45.88,102.0,CNXN
2023-06-09 12:28:00,45.78,45.78,45.78,45.78,395.0,CNXN
2023-06-09 12:24:00,45.76,45.76,45.76,45.76,119.0,CNXN
2023-06-09 12:10:00,45.78,45.78,45.78,45.78,111.0,CNXN
2023-06-09 12:01:00,45.69,45.69,45.69,45.69,138.0,CNXN
2023-06-09 11:32:00,45.63,45.63,45.59,45.59,681.0,CNXN
2023-06-09 10:33:00,45.64,45.64,45.64,45.64,443.0,CNXN
2023-06-09 10:11:00,45.865,45.865,45.865,45.865,100.0,CNXN
2023-06-09 10:06:00,45.631,45.631,45.631,45.631,101.0,CNXN
2023-06-09 09:57:00,45.69,45.71,45.64,45.64,364.0,CNXN
2023-06-09 09:30:00,45.9,45.9,45.9,45.9,382.0,CNXN
