Datetime;Open;High;Low;Close;Volume
2021-07-19 09:30:00-04:00;2.819999933242798;2.840100049972534;2.75;2.75;48499
2021-07-19 09:31:00-04:00;2.7899999618530273;2.8689000606536865;2.755000114440918;2.759999990463257;841
2021-07-19 09:32:00-04:00;2.869999885559082;2.869999885559082;2.819999933242798;2.819999933242798;3816
2021-07-19 09:33:00-04:00;2.859999895095825;2.869999885559082;2.799999952316284;2.799999952316284;1645
2021-07-19 09:36:00-04:00;2.865000009536743;2.869999885559082;2.8343000411987305;2.869999885559082;2770
2021-07-19 09:39:00-04:00;2.8499999046325684;2.8499999046325684;2.8399999141693115;2.8399999141693115;1020
2021-07-19 09:40:00-04:00;2.8454999923706055;2.8454999923706055;2.8454999923706055;2.8454999923706055;594
2021-07-19 09:41:00-04:00;2.8376998901367188;2.8376998901367188;2.8299999237060547;2.8299999237060547;1798
2021-07-19 09:42:00-04:00;2.869999885559082;2.869999885559082;2.819999933242798;2.8512001037597656;6622
2021-07-19 09:43:00-04:00;2.825200080871582;2.825200080871582;2.825200080871582;2.825200080871582;188
2021-07-19 09:44:00-04:00;2.809999942779541;2.813999891281128;2.809999942779541;2.809999942779541;2500
2021-07-19 09:45:00-04:00;2.805000066757202;2.809999942779541;2.799999952316284;2.809999942779541;7390
2021-07-19 09:47:00-04:00;2.8315000534057617;2.8315000534057617;2.809999942779541;2.809999942779541;885
2021-07-19 09:48:00-04:00;2.8299999237060547;2.8299999237060547;2.8299999237060547;2.8299999237060547;254
2021-07-19 09:49:00-04:00;2.809999942779541;2.809999942779541;2.809999942779541;2.809999942779541;154
2021-07-19 09:50:00-04:00;2.8399999141693115;2.890000104904175;2.8399999141693115;2.890000104904175;15860
2021-07-19 09:51:00-04:00;2.871999979019165;2.871999979019165;2.840100049972534;2.840100049972534;1116
2021-07-19 09:52:00-04:00;2.840100049972534;2.840100049972534;2.840100049972534;2.840100049972534;3039
2021-07-19 09:55:00-04:00;2.8410000801086426;2.859999895095825;2.8399999141693115;2.8399999141693115;1229
2021-07-19 09:56:00-04:00;2.8299999237060547;2.8299999237060547;2.8299999237060547;2.8299999237060547;309
2021-07-19 09:58:00-04:00;2.8399999141693115;2.8399999141693115;2.8399999141693115;2.8399999141693115;100
2021-07-19 09:59:00-04:00;2.8399999141693115;2.8406999111175537;2.8399999141693115;2.8406999111175537;2804
2021-07-19 10:00:00-04:00;2.8550000190734863;2.8550000190734863;2.8550000190734863;2.8550000190734863;632
2021-07-19 10:01:00-04:00;2.869999885559082;2.869999885559082;2.859999895095825;2.866499900817871;1638
2021-07-19 10:02:00-04:00;2.8499999046325684;2.8499999046325684;2.8499999046325684;2.8499999046325684;600
2021-07-19 10:03:00-04:00;2.831399917602539;2.831399917602539;2.831399917602539;2.831399917602539;100
2021-07-19 10:04:00-04:00;2.8580000400543213;2.9200000762939453;2.8580000400543213;2.880000114440918;31011
2021-07-19 10:05:00-04:00;2.871999979019165;2.871999979019165;2.869999885559082;2.869999885559082;1281
2021-07-19 10:07:00-04:00;2.922800064086914;2.922800064086914;2.922800064086914;2.922800064086914;3108
2021-07-19 10:10:00-04:00;2.879499912261963;2.8949999809265137;2.869999885559082;2.8949999809265137;2228
2021-07-19 10:13:00-04:00;2.880000114440918;2.880000114440918;2.8499999046325684;2.8499999046325684;11850
2021-07-19 10:14:00-04:00;2.8499999046325684;2.8499999046325684;2.8499999046325684;2.8499999046325684;147
2021-07-19 10:15:00-04:00;2.8499999046325684;2.8499999046325684;2.8350000381469727;2.8350000381469727;5163
2021-07-19 10:16:00-04:00;2.8271000385284424;2.8499999046325684;2.819999933242798;2.819999933242798;7290
2021-07-19 10:17:00-04:00;2.8499999046325684;2.8499999046325684;2.8499999046325684;2.8499999046325684;109
2021-07-19 10:18:00-04:00;2.8499999046325684;2.8499999046325684;2.8499999046325684;2.8499999046325684;4160
2021-07-19 10:19:00-04:00;2.8299999237060547;2.8299999237060547;2.819999933242798;2.819999933242798;456
2021-07-19 10:20:00-04:00;2.8299999237060547;2.8399999141693115;2.8299999237060547;2.8399999141693115;6474
2021-07-19 10:21:00-04:00;2.869999885559082;2.869999885559082;2.869999885559082;2.869999885559082;569
2021-07-19 10:22:00-04:00;2.9000000953674316;2.9000000953674316;2.9000000953674316;2.9000000953674316;305
2021-07-19 10:23:00-04:00;2.890000104904175;2.890000104904175;2.869999885559082;2.880000114440918;664
2021-07-19 10:25:00-04:00;2.865000009536743;2.8798999786376953;2.865000009536743;2.8798999786376953;476
2021-07-19 10:30:00-04:00;2.890000104904175;2.890000104904175;2.890000104904175;2.890000104904175;194
2021-07-19 10:31:00-04:00;2.890000104904175;2.890000104904175;2.869999885559082;2.869999885559082;2444
2021-07-19 10:32:00-04:00;2.890000104904175;2.9000000953674316;2.890000104904175;2.9000000953674316;700
2021-07-19 10:33:00-04:00;2.9000000953674316;2.9000000953674316;2.9000000953674316;2.9000000953674316;1614
2021-07-19 10:34:00-04:00;2.9000000953674316;2.9189999103546143;2.890000104904175;2.9189999103546143;1982
2021-07-19 10:35:00-04:00;2.890000104904175;2.896399974822998;2.890000104904175;2.896399974822998;335
2021-07-19 10:36:00-04:00;2.8901000022888184;2.9049999713897705;2.8901000022888184;2.9049999713897705;2316
2021-07-19 10:38:00-04:00;2.9200000762939453;2.9200000762939453;2.9200000762939453;2.9200000762939453;103
2021-07-19 10:39:00-04:00;2.9100000858306885;2.9100000858306885;2.9100000858306885;2.9100000858306885;183
2021-07-19 10:41:00-04:00;2.950000047683716;2.950000047683716;2.950000047683716;2.950000047683716;100
2021-07-19 10:42:00-04:00;2.940000057220459;2.9600000381469727;2.940000057220459;2.9600000381469727;1298
2021-07-19 10:44:00-04:00;2.9798998832702637;2.9798998832702637;2.9798998832702637;2.9798998832702637;100
2021-07-19 10:45:00-04:00;2.9800000190734863;2.9800000190734863;2.9800000190734863;2.9800000190734863;278
2021-07-19 10:46:00-04:00;2.9800000190734863;2.9800000190734863;2.9800000190734863;2.9800000190734863;2211
2021-07-19 10:47:00-04:00;2.9521000385284424;2.9521000385284424;2.9521000385284424;2.9521000385284424;229
2021-07-19 10:51:00-04:00;2.930000066757202;2.930000066757202;2.930000066757202;2.930000066757202;886
2021-07-19 10:53:00-04:00;2.9398999214172363;2.9398999214172363;2.9398999214172363;2.9398999214172363;1004
2021-07-19 10:54:00-04:00;2.9100000858306885;2.9100000858306885;2.9100000858306885;2.9100000858306885;516
2021-07-19 10:55:00-04:00;2.9100000858306885;2.9100000858306885;2.869999885559082;2.869999885559082;1198
2021-07-19 10:56:00-04:00;2.8499999046325684;2.8680999279022217;2.8499999046325684;2.8680999279022217;7552
2021-07-19 10:57:00-04:00;2.8698999881744385;2.8698999881744385;2.8698999881744385;2.8698999881744385;100
2021-07-19 10:58:00-04:00;2.8529999256134033;2.8529999256134033;2.8529999256134033;2.8529999256134033;284
2021-07-19 11:00:00-04:00;2.869999885559082;2.880000114440918;2.869999885559082;2.880000114440918;1131
2021-07-19 11:01:00-04:00;2.880000114440918;2.880000114440918;2.880000114440918;2.880000114440918;326
2021-07-19 11:05:00-04:00;2.880199909210205;2.880199909210205;2.880199909210205;2.880199909210205;6128
2021-07-19 11:06:00-04:00;2.890000104904175;2.890000104904175;2.880000114440918;2.881999969482422;3394
2021-07-19 11:10:00-04:00;2.860100030899048;2.860100030899048;2.860100030899048;2.860100030899048;800
2021-07-19 11:11:00-04:00;2.859999895095825;2.859999895095825;2.859999895095825;2.859999895095825;147
2021-07-19 11:15:00-04:00;2.9100000858306885;2.9100000858306885;2.9100000858306885;2.9100000858306885;203
2021-07-19 11:17:00-04:00;2.8801000118255615;2.8801000118255615;2.8801000118255615;2.8801000118255615;3117
2021-07-19 11:19:00-04:00;2.9100000858306885;2.9100000858306885;2.9100000858306885;2.9100000858306885;143
2021-07-19 11:26:00-04:00;2.9200000762939453;2.9200000762939453;2.9200000762939453;2.9200000762939453;269
2021-07-19 11:30:00-04:00;2.930000066757202;2.930000066757202;2.930000066757202;2.930000066757202;494
2021-07-19 11:36:00-04:00;2.9309000968933105;2.9309000968933105;2.9200000762939453;2.9200000762939453;242
2021-07-19 11:44:00-04:00;2.9200000762939453;2.9200000762939453;2.9200000762939453;2.9200000762939453;315
2021-07-19 11:45:00-04:00;2.940000057220459;2.940000057220459;2.940000057220459;2.940000057220459;162
2021-07-19 11:52:00-04:00;2.9000000953674316;2.931999921798706;2.9000000953674316;2.9000000953674316;552
2021-07-19 11:53:00-04:00;2.930000066757202;2.930000066757202;2.930000066757202;2.930000066757202;2382
2021-07-19 11:55:00-04:00;2.9000000953674316;2.9000000953674316;2.9000000953674316;2.9000000953674316;372
2021-07-19 11:56:00-04:00;2.9100000858306885;2.9100000858306885;2.9100000858306885;2.9100000858306885;133
2021-07-19 12:00:00-04:00;2.930000066757202;2.930000066757202;2.930000066757202;2.930000066757202;194
2021-07-19 12:03:00-04:00;2.9000000953674316;2.930000066757202;2.9000000953674316;2.930000066757202;1100
2021-07-19 12:04:00-04:00;2.9100000858306885;2.9100000858306885;2.9100000858306885;2.9100000858306885;101
2021-07-19 12:08:00-04:00;2.9100000858306885;2.9100000858306885;2.9100000858306885;2.9100000858306885;519
2021-07-19 12:15:00-04:00;2.9000000953674316;2.9000000953674316;2.8901000022888184;2.8901000022888184;2170
2021-07-19 12:18:00-04:00;2.9100000858306885;2.9100000858306885;2.9100000858306885;2.9100000858306885;300
2021-07-19 12:19:00-04:00;2.9000000953674316;2.9000000953674316;2.9000000953674316;2.9000000953674316;2231
2021-07-19 12:25:00-04:00;2.909899950027466;2.909899950027466;2.909899950027466;2.909899950027466;207
2021-07-19 12:29:00-04:00;2.890000104904175;2.890000104904175;2.880000114440918;2.880000114440918;1300
2021-07-19 12:30:00-04:00;2.9100000858306885;2.9100000858306885;2.9100000858306885;2.9100000858306885;227
2021-07-19 12:39:00-04:00;2.880000114440918;2.9000000953674316;2.880000114440918;2.9000000953674316;2031
2021-07-19 12:43:00-04:00;2.869999885559082;2.870300054550171;2.869999885559082;2.870300054550171;400
2021-07-19 12:44:00-04:00;2.893199920654297;2.893199920654297;2.893199920654297;2.893199920654297;109
2021-07-19 12:45:00-04:00;2.9000000953674316;2.9000000953674316;2.9000000953674316;2.9000000953674316;186
2021-07-19 12:54:00-04:00;2.9000000953674316;2.9000000953674316;2.9000000953674316;2.9000000953674316;148
2021-07-19 13:02:00-04:00;2.9100000858306885;2.9100000858306885;2.9100000858306885;2.9100000858306885;454
2021-07-19 13:04:00-04:00;2.9200000762939453;2.9200000762939453;2.9200000762939453;2.9200000762939453;250
2021-07-19 13:09:00-04:00;2.9700000286102295;2.9700000286102295;2.9700000286102295;2.9700000286102295;2300
2021-07-19 13:11:00-04:00;2.9200000762939453;2.9200000762939453;2.9200000762939453;2.9200000762939453;1057
2021-07-19 13:15:00-04:00;2.940000057220459;2.940000057220459;2.940000057220459;2.940000057220459;181
2021-07-19 13:25:00-04:00;2.9200000762939453;2.9200000762939453;2.9200000762939453;2.9200000762939453;328
2021-07-19 13:26:00-04:00;2.9200000762939453;2.9200000762939453;2.9100000858306885;2.9100000858306885;721
2021-07-19 13:30:00-04:00;2.930000066757202;2.930000066757202;2.930000066757202;2.930000066757202;357
2021-07-19 13:35:00-04:00;2.9200000762939453;2.9200000762939453;2.9200000762939453;2.9200000762939453;400
2021-07-19 13:36:00-04:00;2.920099973678589;2.930000066757202;2.920099973678589;2.930000066757202;2201
2021-07-19 13:37:00-04:00;2.9200000762939453;2.9200000762939453;2.9200000762939453;2.9200000762939453;1044
2021-07-19 13:42:00-04:00;2.9200000762939453;2.9200000762939453;2.9200000762939453;2.9200000762939453;849
2021-07-19 13:45:00-04:00;2.930000066757202;2.930000066757202;2.930000066757202;2.930000066757202;146
2021-07-19 13:48:00-04:00;2.9100000858306885;2.9100000858306885;2.9100000858306885;2.9100000858306885;1201
2021-07-19 13:53:00-04:00;2.890000104904175;2.890000104904175;2.890000104904175;2.890000104904175;2337
2021-07-19 14:00:00-04:00;2.940000057220459;2.940000057220459;2.940000057220459;2.940000057220459;148
2021-07-19 14:01:00-04:00;2.940000057220459;2.940000057220459;2.940000057220459;2.940000057220459;15100
2021-07-19 14:02:00-04:00;2.940000057220459;2.9700000286102295;2.940000057220459;2.950000047683716;5007
2021-07-19 14:06:00-04:00;2.9526000022888184;2.9526000022888184;2.9526000022888184;2.9526000022888184;5006
2021-07-19 14:10:00-04:00;2.950000047683716;2.950000047683716;2.950000047683716;2.950000047683716;275
2021-07-19 14:13:00-04:00;2.950000047683716;2.950000047683716;2.950000047683716;2.950000047683716;1402
2021-07-19 14:15:00-04:00;2.950000047683716;2.950000047683716;2.950000047683716;2.950000047683716;1021
2021-07-19 14:17:00-04:00;2.940200090408325;2.940200090408325;2.940000057220459;2.940000057220459;1094
2021-07-19 14:18:00-04:00;2.940000057220459;2.940000057220459;2.940000057220459;2.940000057220459;1579
2021-07-19 14:25:00-04:00;2.940000057220459;2.940000057220459;2.940000057220459;2.940000057220459;1686
2021-07-19 14:27:00-04:00;2.928800106048584;2.928800106048584;2.928800106048584;2.928800106048584;1003
2021-07-19 14:29:00-04:00;2.950000047683716;2.950000047683716;2.950000047683716;2.950000047683716;200
2021-07-19 14:30:00-04:00;2.9600000381469727;2.9600000381469727;2.9600000381469727;2.9600000381469727;154
2021-07-19 14:33:00-04:00;2.940000057220459;2.940000057220459;2.940000057220459;2.940000057220459;212
2021-07-19 14:35:00-04:00;2.969899892807007;2.969899892807007;2.969899892807007;2.969899892807007;262
2021-07-19 14:45:00-04:00;2.9800000190734863;2.9800000190734863;2.950000047683716;2.950000047683716;863
2021-07-19 14:50:00-04:00;2.960599899291992;2.960599899291992;2.960599899291992;2.960599899291992;1007
2021-07-19 14:53:00-04:00;2.950000047683716;2.950000047683716;2.950000047683716;2.950000047683716;1123
2021-07-19 14:57:00-04:00;2.9700000286102295;2.9700000286102295;2.9700000286102295;2.9700000286102295;387
2021-07-19 15:03:00-04:00;2.950900077819824;2.950900077819824;2.950900077819824;2.950900077819824;109
2021-07-19 15:05:00-04:00;2.9526000022888184;2.9526000022888184;2.930000066757202;2.930000066757202;1634
2021-07-19 15:09:00-04:00;2.940500020980835;2.940500020980835;2.940500020980835;2.940500020980835;1837
2021-07-19 15:11:00-04:00;2.9549999237060547;2.9549999237060547;2.950000047683716;2.950000047683716;708
2021-07-19 15:12:00-04:00;2.950000047683716;2.950000047683716;2.950000047683716;2.950000047683716;111
2021-07-19 15:15:00-04:00;2.950000047683716;2.950000047683716;2.950000047683716;2.950000047683716;148
2021-07-19 15:16:00-04:00;2.943000078201294;2.944000005722046;2.930000066757202;2.930000066757202;2058
2021-07-19 15:17:00-04:00;2.930000066757202;2.940000057220459;2.930000066757202;2.940000057220459;456
2021-07-19 15:26:00-04:00;2.950000047683716;2.950000047683716;2.950000047683716;2.950000047683716;113
2021-07-19 15:30:00-04:00;2.9600000381469727;2.9600000381469727;2.9600000381469727;2.9600000381469727;152
2021-07-19 15:34:00-04:00;2.940000057220459;2.9700000286102295;2.940000057220459;2.9700000286102295;1699
2021-07-19 15:35:00-04:00;2.940000057220459;2.940000057220459;2.940000057220459;2.940000057220459;172
2021-07-19 15:36:00-04:00;2.9700000286102295;2.9700000286102295;2.9700000286102295;2.9700000286102295;101
2021-07-19 15:38:00-04:00;2.9700000286102295;2.9700000286102295;2.9700000286102295;2.9700000286102295;147
2021-07-19 15:40:00-04:00;2.9400999546051025;2.9400999546051025;2.9400999546051025;2.9400999546051025;3242
2021-07-19 15:41:00-04:00;2.9700000286102295;2.9700000286102295;2.9700000286102295;2.9700000286102295;140
2021-07-19 15:42:00-04:00;2.950000047683716;2.9700000286102295;2.950000047683716;2.9700000286102295;1905
2021-07-19 15:43:00-04:00;2.9700000286102295;2.9700000286102295;2.95740008354187;2.9649999141693115;3813
2021-07-19 15:44:00-04:00;2.9600000381469727;2.9600000381469727;2.940000057220459;2.950000047683716;5571
2021-07-19 15:45:00-04:00;2.9700000286102295;2.9700000286102295;2.9616000652313232;2.9700000286102295;3755
2021-07-19 15:46:00-04:00;2.9700000286102295;2.9700000286102295;2.9700000286102295;2.9700000286102295;190
2021-07-19 15:47:00-04:00;2.950000047683716;2.950000047683716;2.950000047683716;2.950000047683716;6126
2021-07-19 15:50:00-04:00;2.950000047683716;2.9600000381469727;2.950000047683716;2.9600000381469727;5226
2021-07-19 15:51:00-04:00;2.9600000381469727;2.9600000381469727;2.940000057220459;2.950000047683716;6735
2021-07-19 15:53:00-04:00;2.9600000381469727;2.9600000381469727;2.9600000381469727;2.9600000381469727;250
2021-07-19 15:55:00-04:00;2.944999933242798;2.944999933242798;2.944999933242798;2.944999933242798;5054
2021-07-19 15:57:00-04:00;2.950000047683716;2.9549999237060547;2.9300999641418457;2.950000047683716;4765
2021-07-19 15:58:00-04:00;2.930000066757202;2.950000047683716;2.930000066757202;2.950000047683716;1002
2021-07-19 15:59:00-04:00;2.930000066757202;2.950000047683716;2.9200000762939453;2.9200000762939453;5809
2021-07-20 09:30:00-04:00;2.940000057220459;2.940000057220459;2.9100000858306885;2.9100000858306885;1677
2021-07-20 09:31:00-04:00;2.8559999465942383;2.8559999465942383;2.8559999465942383;2.8559999465942383;354
2021-07-20 09:32:00-04:00;2.9200000762939453;2.9200000762939453;2.9200000762939453;2.9200000762939453;100
2021-07-20 09:33:00-04:00;2.9200000762939453;2.9200000762939453;2.9200000762939453;2.9200000762939453;114
2021-07-20 09:35:00-04:00;2.8949999809265137;2.918800115585327;2.8949999809265137;2.918800115585327;1934
2021-07-20 09:36:00-04:00;2.869999885559082;2.9200000762939453;2.869999885559082;2.869999885559082;3629
2021-07-20 09:37:00-04:00;2.869999885559082;2.890000104904175;2.869999885559082;2.890000104904175;200
2021-07-20 09:39:00-04:00;2.890000104904175;2.890000104904175;2.859999895095825;2.859999895095825;5493
2021-07-20 09:40:00-04:00;2.8499999046325684;2.880000114440918;2.8499999046325684;2.880000114440918;901
2021-07-20 09:41:00-04:00;2.8310999870300293;2.8310999870300293;2.8310999870300293;2.8310999870300293;1755
2021-07-20 09:42:00-04:00;2.819999933242798;2.8499999046325684;2.819999933242798;2.8499999046325684;200
2021-07-20 09:43:00-04:00;2.8499999046325684;2.8499999046325684;2.8499999046325684;2.8499999046325684;125
2021-07-20 09:44:00-04:00;2.819999933242798;2.8798999786376953;2.819999933242798;2.8798999786376953;5165
2021-07-20 09:46:00-04:00;2.859999895095825;2.859999895095825;2.859999895095825;2.859999895095825;460
2021-07-20 09:48:00-04:00;2.859999895095825;2.859999895095825;2.8401999473571777;2.8401999473571777;6032
2021-07-20 09:49:00-04:00;2.859999895095825;2.859999895095825;2.859999895095825;2.859999895095825;163
2021-07-20 09:50:00-04:00;2.8499999046325684;2.8499999046325684;2.8499999046325684;2.8499999046325684;15098
2021-07-20 09:53:00-04:00;2.8399999141693115;2.8399999141693115;2.8399999141693115;2.8399999141693115;202
2021-07-20 09:54:00-04:00;2.859999895095825;2.859999895095825;2.859999895095825;2.859999895095825;1041
2021-07-20 09:58:00-04:00;2.880000114440918;2.880000114440918;2.880000114440918;2.880000114440918;645
2021-07-20 09:59:00-04:00;2.880000114440918;2.880000114440918;2.880000114440918;2.880000114440918;638
2021-07-20 10:03:00-04:00;2.9100000858306885;2.9100000858306885;2.9100000858306885;2.9100000858306885;137
2021-07-20 10:04:00-04:00;2.9100000858306885;2.9100000858306885;2.901400089263916;2.901400089263916;330
2021-07-20 10:05:00-04:00;2.9100000858306885;2.9100000858306885;2.8399999141693115;2.8499999046325684;7798
2021-07-20 10:08:00-04:00;2.8524999618530273;2.8524999618530273;2.8524999618530273;2.8524999618530273;1389
2021-07-20 10:09:00-04:00;2.880000114440918;2.880000114440918;2.880000114440918;2.880000114440918;100
2021-07-20 10:11:00-04:00;2.8499999046325684;2.8499999046325684;2.8499999046325684;2.8499999046325684;203
2021-07-20 10:13:00-04:00;2.884999990463257;2.9100000858306885;2.884999990463257;2.9100000858306885;4233
2021-07-20 10:14:00-04:00;2.9100000858306885;2.9100000858306885;2.9100000858306885;2.9100000858306885;212
2021-07-20 10:16:00-04:00;2.9231998920440674;2.9231998920440674;2.9231998920440674;2.9231998920440674;102
2021-07-20 10:19:00-04:00;2.930000066757202;2.930000066757202;2.930000066757202;2.930000066757202;760
2021-07-20 10:20:00-04:00;2.924999952316284;2.924999952316284;2.924999952316284;2.924999952316284;282
2021-07-20 10:22:00-04:00;2.930000066757202;2.940000057220459;2.930000066757202;2.940000057220459;701
2021-07-20 10:23:00-04:00;2.950000047683716;2.9800000190734863;2.950000047683716;2.9800000190734863;359
2021-07-20 10:26:00-04:00;2.990000009536743;2.990000009536743;2.990000009536743;2.990000009536743;110
2021-07-20 10:27:00-04:00;2.990000009536743;3.009999990463257;2.989000082015991;3.009999990463257;2200
2021-07-20 10:28:00-04:00;3.0;3.0;3.0;3.0;229
2021-07-20 10:33:00-04:00;2.993799924850464;2.993799924850464;2.993799924850464;2.993799924850464;1040
2021-07-20 10:34:00-04:00;3.0;3.0;2.9700000286102295;3.0;300
2021-07-20 10:35:00-04:00;2.9702999591827393;2.9702999591827393;2.9702999591827393;2.9702999591827393;500
2021-07-20 10:36:00-04:00;3.0;3.0199999809265137;2.9800000190734863;2.990000009536743;7136
2021-07-20 10:37:00-04:00;2.990000009536743;3.0;2.9700000286102295;2.990000009536743;7681
2021-07-20 10:39:00-04:00;3.0;3.0;3.0;3.0;821
2021-07-20 10:41:00-04:00;3.0199999809265137;3.0199999809265137;3.009999990463257;3.009999990463257;1275
2021-07-20 10:42:00-04:00;3.0;3.0;3.0;3.0;327
2021-07-20 10:43:00-04:00;3.004499912261963;3.004499912261963;2.9800000190734863;2.9800000190734863;3152
2021-07-20 10:44:00-04:00;3.013700008392334;3.013700008392334;3.013700008392334;3.013700008392334;224
2021-07-20 10:48:00-04:00;3.009999990463257;3.009999990463257;3.009999990463257;3.009999990463257;353
2021-07-20 10:50:00-04:00;3.0199999809265137;3.059999942779541;3.0199999809265137;3.059999942779541;3508
2021-07-20 10:51:00-04:00;3.0299999713897705;3.0299999713897705;3.0299999713897705;3.0299999713897705;100
2021-07-20 10:52:00-04:00;3.0299999713897705;3.0299999713897705;3.009999990463257;3.0199999809265137;1879
2021-07-20 10:54:00-04:00;3.0299999713897705;3.0299999713897705;3.0299999713897705;3.0299999713897705;174
2021-07-20 10:57:00-04:00;3.0299999713897705;3.0299999713897705;3.0299999713897705;3.0299999713897705;692
2021-07-20 10:58:00-04:00;3.049999952316284;3.049999952316284;3.049999952316284;3.049999952316284;100
2021-07-20 10:59:00-04:00;3.049999952316284;3.049999952316284;3.049999952316284;3.049999952316284;133
2021-07-20 11:00:00-04:00;3.049999952316284;3.059999942779541;3.049999952316284;3.059999942779541;329
2021-07-20 11:04:00-04:00;3.049999952316284;3.049999952316284;3.0299999713897705;3.0299999713897705;789
2021-07-20 11:06:00-04:00;3.0299999713897705;3.0299999713897705;3.009999990463257;3.009999990463257;1107
2021-07-20 11:07:00-04:00;3.0164999961853027;3.0164999961853027;3.009999990463257;3.009999990463257;533
2021-07-20 11:10:00-04:00;3.0299999713897705;3.0299999713897705;3.0299999713897705;3.0299999713897705;1692
2021-07-20 11:11:00-04:00;3.0299999713897705;3.0299999713897705;3.0299999713897705;3.0299999713897705;220
2021-07-20 11:13:00-04:00;3.0499000549316406;3.0499000549316406;3.0499000549316406;3.0499000549316406;5327
2021-07-20 11:14:00-04:00;3.0100998878479004;3.0100998878479004;3.0100998878479004;3.0100998878479004;400
2021-07-20 11:15:00-04:00;3.049999952316284;3.049999952316284;3.049999952316284;3.049999952316284;103
2021-07-20 11:24:00-04:00;3.049999952316284;3.049999952316284;3.0299999713897705;3.049999952316284;4683
2021-07-20 11:25:00-04:00;3.0299999713897705;3.0299999713897705;3.0299999713897705;3.0299999713897705;101
2021-07-20 11:26:00-04:00;3.0199999809265137;3.0199999809265137;3.0199999809265137;3.0199999809265137;153
2021-07-20 11:27:00-04:00;3.049999952316284;3.049999952316284;3.049999952316284;3.049999952316284;130
2021-07-20 11:33:00-04:00;3.0397000312805176;3.069999933242798;3.0397000312805176;3.069999933242798;4628
2021-07-20 11:37:00-04:00;3.0799999237060547;3.0799999237060547;3.0799999237060547;3.0799999237060547;100
2021-07-20 11:39:00-04:00;3.075000047683716;3.075000047683716;3.069999933242798;3.069999933242798;304
2021-07-20 11:43:00-04:00;3.0799999237060547;3.0799999237060547;3.0799999237060547;3.0799999237060547;102
2021-07-20 11:44:00-04:00;3.0755999088287354;3.0755999088287354;3.0755999088287354;3.0755999088287354;811
2021-07-20 11:48:00-04:00;3.0799999237060547;3.0799999237060547;3.0799999237060547;3.0799999237060547;285
2021-07-20 11:55:00-04:00;3.069999933242798;3.069999933242798;3.069999933242798;3.069999933242798;1000
2021-07-20 11:57:00-04:00;3.059999942779541;3.059999942779541;3.059999942779541;3.059999942779541;2000
2021-07-20 12:00:00-04:00;3.0799999237060547;3.0799999237060547;3.0799999237060547;3.0799999237060547;300
2021-07-20 12:01:00-04:00;3.049999952316284;3.049999952316284;3.0399999618530273;3.0399999618530273;504
2021-07-20 12:02:00-04:00;3.059999942779541;3.059999942779541;3.059999942779541;3.059999942779541;3000
2021-07-20 12:03:00-04:00;3.075000047683716;3.075000047683716;3.075000047683716;3.075000047683716;720
2021-07-20 12:06:00-04:00;3.0799999237060547;3.0799999237060547;3.0399999618530273;3.059999942779541;1963
2021-07-20 12:07:00-04:00;3.0299999713897705;3.0299999713897705;3.0299999713897705;3.0299999713897705;1060
2021-07-20 12:13:00-04:00;3.0399999618530273;3.0399999618530273;3.0399999618530273;3.0399999618530273;200
2021-07-20 12:14:00-04:00;3.0399999618530273;3.0399999618530273;3.0399999618530273;3.0399999618530273;1112
2021-07-20 12:15:00-04:00;3.0399999618530273;3.0399999618530273;3.0350000858306885;3.0350000858306885;1204
2021-07-20 12:16:00-04:00;3.0399999618530273;3.0399999618530273;3.0399999618530273;3.0399999618530273;600
2021-07-20 12:20:00-04:00;3.0299999713897705;3.0299999713897705;3.0199999809265137;3.0199999809265137;881
2021-07-20 12:23:00-04:00;3.01200008392334;3.01200008392334;3.009999990463257;3.009999990463257;1200
2021-07-20 12:24:00-04:00;3.009999990463257;3.009999990463257;3.009999990463257;3.009999990463257;200
2021-07-20 12:25:00-04:00;3.0195000171661377;3.0195000171661377;3.0195000171661377;3.0195000171661377;300
2021-07-20 12:26:00-04:00;3.0299999713897705;3.0299999713897705;3.0299999713897705;3.0299999713897705;224
2021-07-20 12:30:00-04:00;3.009999990463257;3.009999990463257;3.0;3.0;670
2021-07-20 12:32:00-04:00;3.0199999809265137;3.0199999809265137;3.0199999809265137;3.0199999809265137;100
2021-07-20 12:33:00-04:00;3.0199999809265137;3.0199999809265137;3.015000104904175;3.015000104904175;244
2021-07-20 12:45:00-04:00;3.0399999618530273;3.0399999618530273;3.0399999618530273;3.0399999618530273;204
2021-07-20 12:48:00-04:00;3.0399999618530273;3.0399999618530273;3.009999990463257;3.0299999713897705;653
2021-07-20 12:57:00-04:00;3.009999990463257;3.0199999809265137;3.009999990463257;3.009999990463257;1528
2021-07-20 13:02:00-04:00;3.009999990463257;3.0199999809265137;3.009999990463257;3.0199999809265137;1028
2021-07-20 13:06:00-04:00;3.0;3.0;3.0;3.0;7550
2021-07-20 13:11:00-04:00;3.0299999713897705;3.0299999713897705;3.0299999713897705;3.0299999713897705;200
2021-07-20 13:16:00-04:00;3.0250000953674316;3.0250000953674316;3.0250000953674316;3.0250000953674316;212
2021-07-20 13:22:00-04:00;3.0199999809265137;3.0199999809265137;3.0199999809265137;3.0199999809265137;1278
2021-07-20 13:23:00-04:00;3.009999990463257;3.009999990463257;3.009999990463257;3.009999990463257;224
2021-07-20 13:26:00-04:00;3.0299999713897705;3.0299999713897705;3.0;3.0;600
2021-07-20 13:30:00-04:00;3.0290000438690186;3.0290000438690186;3.0290000438690186;3.0290000438690186;100
2021-07-20 13:32:00-04:00;3.0299999713897705;3.0299999713897705;3.0299999713897705;3.0299999713897705;203
2021-07-20 13:39:00-04:00;3.0;3.0199999809265137;3.0;3.016700029373169;500
2021-07-20 13:40:00-04:00;3.0199999809265137;3.0199999809265137;3.0199999809265137;3.0199999809265137;101
2021-07-20 13:45:00-04:00;3.009999990463257;3.009999990463257;3.009999990463257;3.009999990463257;105
2021-07-20 13:52:00-04:00;3.0199999809265137;3.0199999809265137;3.0199999809265137;3.0199999809265137;405
2021-07-20 13:55:00-04:00;3.0199999809265137;3.0199999809265137;3.0199999809265137;3.0199999809265137;148
2021-07-20 14:03:00-04:00;3.0199999809265137;3.0299999713897705;3.0199999809265137;3.0199999809265137;915
2021-07-20 14:05:00-04:00;3.0399999618530273;3.0399999618530273;3.0399999618530273;3.0399999618530273;310
2021-07-20 14:07:00-04:00;3.0399999618530273;3.059999942779541;3.0399999618530273;3.059999942779541;390
2021-07-20 14:09:00-04:00;3.059999942779541;3.059999942779541;3.059999942779541;3.059999942779541;110
2021-07-20 14:11:00-04:00;3.069999933242798;3.069999933242798;3.069999933242798;3.069999933242798;146
2021-07-20 14:16:00-04:00;3.049999952316284;3.049999952316284;3.049999952316284;3.049999952316284;721
2021-07-20 14:20:00-04:00;3.049999952316284;3.049999952316284;3.049999952316284;3.049999952316284;200
2021-07-20 14:21:00-04:00;3.0399999618530273;3.0399999618530273;3.0399999618530273;3.0399999618530273;625
2021-07-20 14:23:00-04:00;3.059999942779541;3.059999942779541;3.049999952316284;3.049999952316284;2769
2021-07-20 14:24:00-04:00;3.049999952316284;3.049999952316284;3.0299999713897705;3.0399999618530273;9081
2021-07-20 14:27:00-04:00;3.059999942779541;3.059999942779541;3.059999942779541;3.059999942779541;436
2021-07-20 14:34:00-04:00;3.0536000728607178;3.059999942779541;3.0536000728607178;3.059999942779541;703
2021-07-20 14:35:00-04:00;3.049999952316284;3.055000066757202;3.049999952316284;3.049999952316284;1311
2021-07-20 14:36:00-04:00;3.0799999237060547;3.0799999237060547;3.059999942779541;3.059999942779541;650
2021-07-20 14:37:00-04:00;3.069999933242798;3.069999933242798;3.069999933242798;3.069999933242798;100
2021-07-20 14:39:00-04:00;3.059999942779541;3.059999942779541;3.059999942779541;3.059999942779541;100
2021-07-20 14:43:00-04:00;3.059999942779541;3.059999942779541;3.059999942779541;3.059999942779541;1000
2021-07-20 14:48:00-04:00;3.049999952316284;3.0527000427246094;3.049999952316284;3.049999952316284;2099
2021-07-20 14:49:00-04:00;3.059999942779541;3.059999942779541;3.059999942779541;3.059999942779541;300
2021-07-20 14:51:00-04:00;3.069999933242798;3.069999933242798;3.059999942779541;3.059999942779541;2000
2021-07-20 14:52:00-04:00;3.065000057220459;3.069999933242798;3.059999942779541;3.069999933242798;300
2021-07-20 14:55:00-04:00;3.059999942779541;3.059999942779541;3.049999952316284;3.049999952316284;1124
2021-07-20 14:56:00-04:00;3.059999942779541;3.059999942779541;3.059999942779541;3.059999942779541;190
2021-07-20 15:02:00-04:00;3.059999942779541;3.059999942779541;3.059999942779541;3.059999942779541;104
2021-07-20 15:03:00-04:00;3.0599000453948975;3.0599000453948975;3.0599000453948975;3.0599000453948975;5089
2021-07-20 15:07:00-04:00;3.069999933242798;3.069999933242798;3.055000066757202;3.055000066757202;332
2021-07-20 15:08:00-04:00;3.0399999618530273;3.0799999237060547;3.0399999618530273;3.0799999237060547;3665
2021-07-20 15:09:00-04:00;3.0799999237060547;3.0799999237060547;3.069999933242798;3.0799999237060547;1774
2021-07-20 15:12:00-04:00;3.0899999141693115;3.0899999141693115;3.0601000785827637;3.0899999141693115;434
2021-07-20 15:14:00-04:00;3.0899999141693115;3.0899999141693115;3.0899999141693115;3.0899999141693115;104
2021-07-20 15:15:00-04:00;3.0799999237060547;3.0799999237060547;3.059999942779541;3.059999942779541;300
2021-07-20 15:18:00-04:00;3.0799999237060547;3.0799999237060547;3.0799999237060547;3.0799999237060547;200
2021-07-20 15:20:00-04:00;3.061000108718872;3.0799999237060547;3.061000108718872;3.0799999237060547;2421
2021-07-20 15:21:00-04:00;3.0799999237060547;3.0799999237060547;3.0799999237060547;3.0799999237060547;1673
2021-07-20 15:22:00-04:00;3.0799999237060547;3.0799999237060547;3.0799999237060547;3.0799999237060547;927
2021-07-20 15:23:00-04:00;3.0999999046325684;3.119999885559082;3.0999999046325684;3.119999885559082;10205
2021-07-20 15:24:00-04:00;3.119999885559082;3.119999885559082;3.0899999141693115;3.0999999046325684;1866
2021-07-20 15:25:00-04:00;3.109999895095825;3.130000114440918;3.109999895095825;3.130000114440918;787
2021-07-20 15:26:00-04:00;3.115000009536743;3.115000009536743;3.0999999046325684;3.0999999046325684;1654
2021-07-20 15:27:00-04:00;3.1222000122070312;3.1222000122070312;3.1222000122070312;3.1222000122070312;5000
2021-07-20 15:31:00-04:00;3.130000114440918;3.130000114440918;3.130000114440918;3.130000114440918;200
2021-07-20 15:32:00-04:00;3.130000114440918;3.130000114440918;3.130000114440918;3.130000114440918;300
2021-07-20 15:33:00-04:00;3.130000114440918;3.130000114440918;3.130000114440918;3.130000114440918;104
2021-07-20 15:34:00-04:00;3.115000009536743;3.115000009536743;3.115000009536743;3.115000009536743;208
2021-07-20 15:36:00-04:00;3.0999999046325684;3.0999999046325684;3.0999999046325684;3.0999999046325684;202
2021-07-20 15:38:00-04:00;3.0999999046325684;3.119999885559082;3.0999999046325684;3.119999885559082;3343
2021-07-20 15:39:00-04:00;3.109999895095825;3.119999885559082;3.109999895095825;3.109999895095825;4806
2021-07-20 15:40:00-04:00;3.109999895095825;3.109999895095825;3.109999895095825;3.109999895095825;157
2021-07-20 15:41:00-04:00;3.119999885559082;3.119999885559082;3.0978000164031982;3.115000009536743;3100
2021-07-20 15:44:00-04:00;3.0999999046325684;3.0999999046325684;3.0999999046325684;3.0999999046325684;100
2021-07-20 15:45:00-04:00;3.109999895095825;3.109999895095825;3.109999895095825;3.109999895095825;301
2021-07-20 15:47:00-04:00;3.109999895095825;3.109999895095825;3.109999895095825;3.109999895095825;303
2021-07-20 15:49:00-04:00;3.109999895095825;3.109999895095825;3.109999895095825;3.109999895095825;441
2021-07-20 15:51:00-04:00;3.1050000190734863;3.1050000190734863;3.1050000190734863;3.1050000190734863;279
2021-07-20 15:52:00-04:00;3.0999999046325684;3.1050000190734863;3.0899999141693115;3.0999999046325684;1616
2021-07-20 15:54:00-04:00;3.0899999141693115;3.0999999046325684;3.0899999141693115;3.0899999141693115;302
2021-07-20 15:55:00-04:00;3.0899999141693115;3.0899999141693115;3.0899999141693115;3.0899999141693115;195
2021-07-20 15:56:00-04:00;3.0799999237060547;3.0799999237060547;3.0799999237060547;3.0799999237060547;159
2021-07-20 15:58:00-04:00;3.059999942779541;3.0799999237060547;3.059999942779541;3.0799999237060547;2482
2021-07-20 15:59:00-04:00;3.0799999237060547;3.0899999141693115;3.059999942779541;3.059999942779541;2229
2021-07-21 09:30:00-04:00;3.190000057220459;3.190000057220459;3.190000057220459;3.190000057220459;3452
2021-07-21 09:31:00-04:00;3.2300000190734863;3.25;3.2300000190734863;3.25;2243
2021-07-21 09:41:00-04:00;3.1640000343322754;3.1640000343322754;3.1640000343322754;3.1640000343322754;130
2021-07-21 09:43:00-04:00;3.1798999309539795;3.1798999309539795;3.1798999309539795;3.1798999309539795;3000
2021-07-21 09:44:00-04:00;3.180000066757202;3.180000066757202;3.1700000762939453;3.1700000762939453;418
2021-07-21 09:45:00-04:00;3.180000066757202;3.180000066757202;3.180000066757202;3.180000066757202;1419
2021-07-21 09:50:00-04:00;3.2100000381469727;3.2100000381469727;3.2100000381469727;3.2100000381469727;1002
2021-07-21 09:52:00-04:00;3.1712000370025635;3.1712000370025635;3.1712000370025635;3.1712000370025635;230
2021-07-21 09:58:00-04:00;3.2100000381469727;3.2100000381469727;3.1700000762939453;3.190000057220459;3467
2021-07-21 10:01:00-04:00;3.200000047683716;3.200000047683716;3.174999952316284;3.174999952316284;5088
2021-07-21 10:02:00-04:00;3.200000047683716;3.2300000190734863;3.200000047683716;3.2207999229431152;5162
2021-07-21 10:03:00-04:00;3.2279999256134033;3.2279999256134033;3.2279999256134033;3.2279999256134033;193
2021-07-21 10:04:00-04:00;3.2399001121520996;3.2399001121520996;3.2399001121520996;3.2399001121520996;200
2021-07-21 10:06:00-04:00;3.2149999141693115;3.2149999141693115;3.2149999141693115;3.2149999141693115;181
2021-07-21 10:11:00-04:00;3.2149999141693115;3.2149999141693115;3.2149999141693115;3.2149999141693115;1105
2021-07-21 10:13:00-04:00;3.2699999809265137;3.2699999809265137;3.2699999809265137;3.2699999809265137;160
2021-07-21 10:15:00-04:00;3.2799999713897705;3.2799999713897705;3.2799999713897705;3.2799999713897705;471
2021-07-21 10:18:00-04:00;3.279900074005127;3.279900074005127;3.279900074005127;3.279900074005127;152
2021-07-21 10:19:00-04:00;3.273900032043457;3.273900032043457;3.273900032043457;3.273900032043457;1001
2021-07-21 10:22:00-04:00;3.228800058364868;3.228800058364868;3.228800058364868;3.228800058364868;350
2021-07-21 10:29:00-04:00;3.2200000286102295;3.2200000286102295;3.2200000286102295;3.2200000286102295;280
2021-07-21 10:30:00-04:00;3.2100000381469727;3.2100000381469727;3.2100000381469727;3.2100000381469727;626
2021-07-21 10:31:00-04:00;3.2200000286102295;3.2200000286102295;3.180000066757202;3.2139999866485596;1797
2021-07-21 10:33:00-04:00;3.2462000846862793;3.2462000846862793;3.2462000846862793;3.2462000846862793;100
2021-07-21 10:34:00-04:00;3.2200000286102295;3.2200000286102295;3.2200000286102295;3.2200000286102295;1145
2021-07-21 10:38:00-04:00;3.2300000190734863;3.2300000190734863;3.2300000190734863;3.2300000190734863;459
2021-07-21 10:39:00-04:00;3.2799999713897705;3.2799999713897705;3.2799999713897705;3.2799999713897705;179
2021-07-21 10:45:00-04:00;3.2300000190734863;3.240999937057495;3.2200000286102295;3.240999937057495;4359
2021-07-21 10:49:00-04:00;3.259999990463257;3.259999990463257;3.259999990463257;3.259999990463257;201
2021-07-21 10:50:00-04:00;3.190000057220459;3.190000057220459;3.190000057220459;3.190000057220459;101
2021-07-21 10:53:00-04:00;3.25;3.25;3.25;3.25;350
2021-07-21 10:56:00-04:00;3.2467000484466553;3.2467000484466553;3.200000047683716;3.200000047683716;1639
2021-07-21 11:00:00-04:00;3.200000047683716;3.200000047683716;3.200000047683716;3.200000047683716;250
2021-07-21 11:01:00-04:00;3.2100000381469727;3.2300000190734863;3.2053000926971436;3.2053000926971436;629
2021-07-21 11:02:00-04:00;3.2314999103546143;3.2314999103546143;3.2314999103546143;3.2314999103546143;105
2021-07-21 11:10:00-04:00;3.200000047683716;3.200000047683716;3.200000047683716;3.200000047683716;508
2021-07-21 11:31:00-04:00;3.2100000381469727;3.2100000381469727;3.2100000381469727;3.2100000381469727;232
2021-07-21 11:39:00-04:00;3.218100070953369;3.218100070953369;3.218100070953369;3.218100070953369;1734
2021-07-21 11:41:00-04:00;3.2300000190734863;3.25;3.2200000286102295;3.2200000286102295;448
2021-07-21 11:43:00-04:00;3.2320001125335693;3.2320001125335693;3.2320001125335693;3.2320001125335693;991
2021-07-21 11:51:00-04:00;3.25;3.25;3.25;3.25;252
2021-07-21 12:02:00-04:00;3.279900074005127;3.279900074005127;3.279900074005127;3.279900074005127;1418
2021-07-21 12:03:00-04:00;3.2799999713897705;3.3299999237060547;3.2699999809265137;3.299999952316284;31960
2021-07-21 12:06:00-04:00;3.319999933242798;3.319999933242798;3.319999933242798;3.319999933242798;101
2021-07-21 12:10:00-04:00;3.2950000762939453;3.309999942779541;3.2950000762939453;3.302000045776367;2952
2021-07-21 12:13:00-04:00;3.309999942779541;3.309999942779541;3.309999942779541;3.309999942779541;3500
2021-07-21 12:15:00-04:00;3.299999952316284;3.319999933242798;3.299999952316284;3.319999933242798;3650
2021-07-21 12:17:00-04:00;3.3299999237060547;3.3299999237060547;3.3299999237060547;3.3299999237060547;5706
2021-07-21 12:20:00-04:00;3.3399999141693115;3.3399999141693115;3.3399999141693115;3.3399999141693115;100
2021-07-21 12:21:00-04:00;3.3450000286102295;3.3450000286102295;3.3299999237060547;3.3299999237060547;2453
2021-07-21 12:23:00-04:00;3.315000057220459;3.315000057220459;3.315000057220459;3.315000057220459;3012
2021-07-21 12:27:00-04:00;3.299999952316284;3.299999952316284;3.299999952316284;3.299999952316284;250
2021-07-21 12:31:00-04:00;3.2701001167297363;3.2701001167297363;3.2701001167297363;3.2701001167297363;2621
2021-07-21 12:35:00-04:00;3.280100107192993;3.280100107192993;3.280100107192993;3.280100107192993;250
2021-07-21 12:39:00-04:00;3.299999952316284;3.299999952316284;3.299999952316284;3.299999952316284;100
2021-07-21 12:40:00-04:00;3.2799999713897705;3.2799999713897705;3.2799999713897705;3.2799999713897705;219
2021-07-21 12:44:00-04:00;3.299999952316284;3.305000066757202;3.299999952316284;3.305000066757202;2499
2021-07-21 12:45:00-04:00;3.3159000873565674;3.3159000873565674;3.3159000873565674;3.3159000873565674;606
2021-07-21 12:47:00-04:00;3.309999942779541;3.319999933242798;3.30649995803833;3.30649995803833;2041
2021-07-21 12:50:00-04:00;3.316499948501587;3.316499948501587;3.316499948501587;3.316499948501587;380
2021-07-21 12:51:00-04:00;3.309999942779541;3.309999942779541;3.309999942779541;3.309999942779541;704
2021-07-21 12:56:00-04:00;3.299999952316284;3.299999952316284;3.299999952316284;3.299999952316284;303
2021-07-21 12:59:00-04:00;3.319999933242798;3.319999933242798;3.319999933242798;3.319999933242798;352
2021-07-21 13:04:00-04:00;3.3173999786376953;3.3173999786376953;3.3173999786376953;3.3173999786376953;258
2021-07-21 13:09:00-04:00;3.319499969482422;3.319499969482422;3.319499969482422;3.319499969482422;200
2021-07-21 13:10:00-04:00;3.3036999702453613;3.3036999702453613;3.3036999702453613;3.3036999702453613;1501
2021-07-21 13:13:00-04:00;3.319999933242798;3.319999933242798;3.319999933242798;3.319999933242798;447
2021-07-21 13:15:00-04:00;3.316999912261963;3.316999912261963;3.316999912261963;3.316999912261963;107
2021-07-21 13:21:00-04:00;3.299999952316284;3.299999952316284;3.2899999618530273;3.2899999618530273;726
2021-07-21 13:23:00-04:00;3.2899999618530273;3.2899999618530273;3.2899999618530273;3.2899999618530273;1500
2021-07-21 13:24:00-04:00;3.2899999618530273;3.2899999618530273;3.2899999618530273;3.2899999618530273;174
2021-07-21 13:29:00-04:00;3.273699998855591;3.273699998855591;3.273699998855591;3.273699998855591;100
2021-07-21 13:31:00-04:00;3.25;3.25;3.25;3.25;2011
2021-07-21 13:36:00-04:00;3.2750000953674316;3.2750000953674316;3.259999990463257;3.259999990463257;1001
2021-07-21 13:39:00-04:00;3.259999990463257;3.259999990463257;3.259999990463257;3.259999990463257;1236
2021-07-21 13:40:00-04:00;3.259999990463257;3.259999990463257;3.259999990463257;3.259999990463257;1616
2021-07-21 13:57:00-04:00;3.25;3.25;3.25;3.25;1244
2021-07-21 13:59:00-04:00;3.259999990463257;3.259999990463257;3.259999990463257;3.259999990463257;1022
2021-07-21 14:19:00-04:00;3.2300000190734863;3.2300000190734863;3.2300000190734863;3.2300000190734863;100
2021-07-21 14:20:00-04:00;3.240799903869629;3.240799903869629;3.2300000190734863;3.2300000190734863;454
2021-07-21 14:23:00-04:00;3.25;3.25;3.25;3.25;129
2021-07-21 14:33:00-04:00;3.2513999938964844;3.2513999938964844;3.2513999938964844;3.2513999938964844;101
2021-07-21 14:41:00-04:00;3.259999990463257;3.259999990463257;3.259999990463257;3.259999990463257;101
2021-07-21 14:42:00-04:00;3.259999990463257;3.259999990463257;3.259999990463257;3.259999990463257;204
2021-07-21 14:46:00-04:00;3.25;3.25;3.2300000190734863;3.2300000190734863;209
2021-07-21 14:50:00-04:00;3.25;3.25;3.25;3.25;593
2021-07-21 14:55:00-04:00;3.240000009536743;3.25;3.240000009536743;3.25;1722
2021-07-21 15:11:00-04:00;3.234999895095825;3.234999895095825;3.234999895095825;3.234999895095825;3268
2021-07-21 15:12:00-04:00;3.223900079727173;3.223900079727173;3.223900079727173;3.223900079727173;226
2021-07-21 15:13:00-04:00;3.2300000190734863;3.2300000190734863;3.2207000255584717;3.2207000255584717;1959
2021-07-21 15:21:00-04:00;3.244999885559082;3.25;3.244999885559082;3.25;651
2021-07-21 15:24:00-04:00;3.25;3.25;3.2418999671936035;3.2418999671936035;556
2021-07-21 15:25:00-04:00;3.2427000999450684;3.25;3.240000009536743;3.25;1517
2021-07-21 15:26:00-04:00;3.25;3.25;3.25;3.25;112
2021-07-21 15:27:00-04:00;3.25;3.25;3.25;3.25;493
2021-07-21 15:28:00-04:00;3.25;3.25;3.2409000396728516;3.244999885559082;653
2021-07-21 15:29:00-04:00;3.259999990463257;3.259999990463257;3.259999990463257;3.259999990463257;200
2021-07-21 15:30:00-04:00;3.2500998973846436;3.2500998973846436;3.2500998973846436;3.2500998973846436;200
2021-07-21 15:31:00-04:00;3.2504000663757324;3.2504000663757324;3.2504000663757324;3.2504000663757324;101
2021-07-21 15:32:00-04:00;3.251300096511841;3.251300096511841;3.234999895095825;3.234999895095825;1269
2021-07-21 15:34:00-04:00;3.240000009536743;3.240000009536743;3.240000009536743;3.240000009536743;257
2021-07-21 15:35:00-04:00;3.244999885559082;3.244999885559082;3.240000009536743;3.240000009536743;2535
2021-07-21 15:36:00-04:00;3.240000009536743;3.240000009536743;3.240000009536743;3.240000009536743;336
2021-07-21 15:37:00-04:00;3.240000009536743;3.240000009536743;3.2300000190734863;3.2300000190734863;591
2021-07-21 15:44:00-04:00;3.2200000286102295;3.2200000286102295;3.2200000286102295;3.2200000286102295;675
2021-07-21 15:47:00-04:00;3.2300000190734863;3.2300000190734863;3.2300000190734863;3.2300000190734863;101
2021-07-21 15:50:00-04:00;3.2200000286102295;3.2200000286102295;3.2200000286102295;3.2200000286102295;1513
2021-07-21 15:51:00-04:00;3.2200000286102295;3.2200000286102295;3.2200000286102295;3.2200000286102295;161
2021-07-21 15:56:00-04:00;3.2200000286102295;3.2300000190734863;3.2200000286102295;3.2300000190734863;1112
2021-07-21 15:57:00-04:00;3.2300000190734863;3.2300000190734863;3.2300000190734863;3.2300000190734863;399
2021-07-21 15:58:00-04:00;3.2100000381469727;3.2100000381469727;3.2100000381469727;3.2100000381469727;579
2021-07-21 15:59:00-04:00;3.2300000190734863;3.240000009536743;3.200000047683716;3.2100000381469727;7653
2021-07-22 09:30:00-04:00;3.2100000381469727;3.25;3.2100000381469727;3.25;4059
2021-07-22 09:33:00-04:00;3.2200000286102295;3.2200000286102295;3.190000057220459;3.211899995803833;336
2021-07-22 09:34:00-04:00;3.190000057220459;3.190000057220459;3.190000057220459;3.190000057220459;216
2021-07-22 09:35:00-04:00;3.200000047683716;3.200000047683716;3.200000047683716;3.200000047683716;364
2021-07-22 09:37:00-04:00;3.200000047683716;3.2100000381469727;3.190000057220459;3.2100000381469727;1064
2021-07-22 09:39:00-04:00;3.2100000381469727;3.2100000381469727;3.2100000381469727;3.2100000381469727;115
2021-07-22 09:41:00-04:00;3.20989990234375;3.20989990234375;3.20989990234375;3.20989990234375;292
2021-07-22 10:30:00-04:00;3.1600000858306885;3.1600000858306885;3.119999885559082;3.119999885559082;416
2021-07-22 10:32:00-04:00;3.130000114440918;3.130000114440918;3.130000114440918;3.130000114440918;109
2021-07-22 10:35:00-04:00;3.109999895095825;3.109999895095825;3.109999895095825;3.109999895095825;254
2021-07-22 10:42:00-04:00;3.119999885559082;3.119999885559082;3.119999885559082;3.119999885559082;5826
2021-07-22 10:49:00-04:00;3.1098999977111816;3.1098999977111816;3.1098999977111816;3.1098999977111816;405
2021-07-22 11:06:00-04:00;3.069999933242798;3.069999933242798;3.0399999618530273;3.0409998893737793;3501
2021-07-22 11:08:00-04:00;3.059999942779541;3.059999942779541;3.059999942779541;3.059999942779541;250
2021-07-22 11:12:00-04:00;3.0722999572753906;3.0722999572753906;3.0722999572753906;3.0722999572753906;257
2021-07-22 11:22:00-04:00;3.0799999237060547;3.0799999237060547;3.0399999618530273;3.0399999618530273;506
2021-07-22 11:31:00-04:00;3.0799999237060547;3.0799999237060547;3.0799999237060547;3.0799999237060547;776
2021-07-22 11:45:00-04:00;3.065000057220459;3.065000057220459;3.065000057220459;3.065000057220459;193
2021-07-22 11:47:00-04:00;3.0899999141693115;3.0899999141693115;3.0899999141693115;3.0899999141693115;102
2021-07-22 11:55:00-04:00;3.0813000202178955;3.0813000202178955;3.0813000202178955;3.0813000202178955;100
2021-07-22 12:04:00-04:00;3.069999933242798;3.069999933242798;3.069999933242798;3.069999933242798;103
2021-07-22 12:11:00-04:00;3.069999933242798;3.0799999237060547;3.049999952316284;3.0799999237060547;2413
2021-07-22 12:16:00-04:00;3.069999933242798;3.069999933242798;3.059999942779541;3.059999942779541;3122
2021-07-22 12:20:00-04:00;3.0399999618530273;3.0399999618530273;3.0399999618530273;3.0399999618530273;7068
2021-07-22 12:27:00-04:00;3.069999933242798;3.069999933242798;3.069999933242798;3.069999933242798;125
2021-07-22 12:28:00-04:00;3.069999933242798;3.069999933242798;3.069999933242798;3.069999933242798;502
2021-07-22 12:32:00-04:00;3.0999999046325684;3.0999999046325684;3.0999999046325684;3.0999999046325684;200
2021-07-22 12:41:00-04:00;3.0999999046325684;3.1270999908447266;3.0999999046325684;3.1270999908447266;2009
2021-07-22 12:43:00-04:00;3.0999999046325684;3.130000114440918;3.0999999046325684;3.130000114440918;3529
2021-07-22 13:00:00-04:00;3.140000104904175;3.1500000953674316;3.139899969100952;3.1500000953674316;3317
2021-07-22 13:05:00-04:00;3.1500000953674316;3.1500000953674316;3.1500000953674316;3.1500000953674316;122
2021-07-22 13:18:00-04:00;3.130000114440918;3.130000114440918;3.130000114440918;3.130000114440918;865
2021-07-22 13:21:00-04:00;3.149899959564209;3.149899959564209;3.149899959564209;3.149899959564209;2166
2021-07-22 13:25:00-04:00;3.1500000953674316;3.1500000953674316;3.1500000953674316;3.1500000953674316;6318
2021-07-22 13:26:00-04:00;3.1500000953674316;3.1500000953674316;3.1500000953674316;3.1500000953674316;175
2021-07-22 13:36:00-04:00;3.119999885559082;3.119999885559082;3.119999885559082;3.119999885559082;104
2021-07-22 13:42:00-04:00;3.119999885559082;3.119999885559082;3.119999885559082;3.119999885559082;294
2021-07-22 13:43:00-04:00;3.119999885559082;3.140000104904175;3.119999885559082;3.119999885559082;1047
2021-07-22 14:04:00-04:00;3.119999885559082;3.119999885559082;3.101599931716919;3.101599931716919;1029
2021-07-22 14:05:00-04:00;3.119999885559082;3.119999885559082;3.119999885559082;3.119999885559082;621
2021-07-22 14:12:00-04:00;3.0999999046325684;3.0999999046325684;3.0999999046325684;3.0999999046325684;413
2021-07-22 14:13:00-04:00;3.0999999046325684;3.0999999046325684;3.0999999046325684;3.0999999046325684;2007
2021-07-22 14:23:00-04:00;3.0999999046325684;3.0999999046325684;3.0999999046325684;3.0999999046325684;652
2021-07-22 14:25:00-04:00;3.1003000736236572;3.1003000736236572;3.1003000736236572;3.1003000736236572;2400
2021-07-22 14:29:00-04:00;3.140000104904175;3.140000104904175;3.140000104904175;3.140000104904175;200
2021-07-22 14:40:00-04:00;3.119999885559082;3.119999885559082;3.0999999046325684;3.0999999046325684;306
2021-07-22 14:43:00-04:00;3.1500000953674316;3.1500000953674316;3.140000104904175;3.140000104904175;720
2021-07-22 14:48:00-04:00;3.119999885559082;3.119999885559082;3.119999885559082;3.119999885559082;207
2021-07-22 14:54:00-04:00;3.130000114440918;3.130000114440918;3.128999948501587;3.128999948501587;305
2021-07-22 14:56:00-04:00;3.1500000953674316;3.1500000953674316;3.1500000953674316;3.1500000953674316;100
2021-07-22 15:03:00-04:00;3.134999990463257;3.134999990463257;3.134999990463257;3.134999990463257;191
2021-07-22 15:15:00-04:00;3.130000114440918;3.130000114440918;3.130000114440918;3.130000114440918;603
2021-07-22 15:22:00-04:00;3.140000104904175;3.1521999835968018;3.140000104904175;3.1521999835968018;2103
2021-07-22 15:24:00-04:00;3.140000104904175;3.140000104904175;3.140000104904175;3.140000104904175;758
2021-07-22 15:30:00-04:00;3.140000104904175;3.140000104904175;3.130000114440918;3.130000114440918;1013
2021-07-22 15:31:00-04:00;3.119999885559082;3.119999885559082;3.119999885559082;3.119999885559082;140
2021-07-22 15:33:00-04:00;3.119999885559082;3.119999885559082;3.119999885559082;3.119999885559082;963
2021-07-22 15:40:00-04:00;3.109999895095825;3.130000114440918;3.0999999046325684;3.130000114440918;2582
2021-07-22 15:43:00-04:00;3.0999999046325684;3.0999999046325684;3.0999999046325684;3.0999999046325684;105
2021-07-22 15:44:00-04:00;3.130000114440918;3.130000114440918;3.130000114440918;3.130000114440918;123
2021-07-22 15:47:00-04:00;3.0999999046325684;3.0999999046325684;3.0999999046325684;3.0999999046325684;112
2021-07-22 15:49:00-04:00;3.11899995803833;3.11899995803833;3.11899995803833;3.11899995803833;1194
2021-07-22 15:50:00-04:00;3.125;3.125;3.125;3.125;102
2021-07-22 15:51:00-04:00;3.109999895095825;3.109999895095825;3.109999895095825;3.109999895095825;120
2021-07-22 15:52:00-04:00;3.140000104904175;3.140000104904175;3.140000104904175;3.140000104904175;210
2021-07-22 15:55:00-04:00;3.109999895095825;3.119999885559082;3.109999895095825;3.115799903869629;2369
2021-07-22 15:56:00-04:00;3.0999999046325684;3.0999999046325684;3.0999999046325684;3.0999999046325684;135
2021-07-22 15:59:00-04:00;3.1103999614715576;3.119999885559082;3.0999999046325684;3.119999885559082;1510
2021-07-23 09:30:00-04:00;3.190000057220459;3.190000057220459;3.140000104904175;3.171799898147583;6964
2021-07-23 09:33:00-04:00;3.140000104904175;3.140000104904175;3.119999885559082;3.130000114440918;1030
2021-07-23 09:34:00-04:00;3.1050000190734863;3.1050000190734863;3.1050000190734863;3.1050000190734863;102
2021-07-23 09:36:00-04:00;3.0899999141693115;3.0899999141693115;3.0899999141693115;3.0899999141693115;100
2021-07-23 09:39:00-04:00;3.115499973297119;3.140000104904175;3.115499973297119;3.140000104904175;5051
2021-07-23 09:40:00-04:00;3.0950000286102295;3.0950000286102295;3.0950000286102295;3.0950000286102295;637
2021-07-23 09:41:00-04:00;3.0899999141693115;3.0899999141693115;3.0899999141693115;3.0899999141693115;460
2021-07-23 09:54:00-04:00;3.0399999618530273;3.0399999618530273;3.0299999713897705;3.0299999713897705;5209
2021-07-23 09:55:00-04:00;3.0299999713897705;3.0399999618530273;3.0299999713897705;3.0299999713897705;3062
2021-07-23 09:58:00-04:00;3.0299999713897705;3.0399999618530273;3.009999990463257;3.0299999713897705;9144
2021-07-23 10:05:00-04:00;3.049999952316284;3.049999952316284;3.049999952316284;3.049999952316284;2191
2021-07-23 10:10:00-04:00;3.0176000595092773;3.0176000595092773;3.0176000595092773;3.0176000595092773;402
2021-07-23 10:13:00-04:00;3.010999917984009;3.010999917984009;3.009999990463257;3.009999990463257;759
2021-07-23 10:15:00-04:00;3.009999990463257;3.009999990463257;3.009999990463257;3.009999990463257;350
2021-07-23 10:18:00-04:00;3.009999990463257;3.009999990463257;3.0;3.0;4175
2021-07-23 10:24:00-04:00;3.0201001167297363;3.0399999618530273;3.0201001167297363;3.0399999618530273;863
2021-07-23 10:25:00-04:00;3.0399999618530273;3.0399999618530273;3.0399999618530273;3.0399999618530273;115
2021-07-23 10:28:00-04:00;3.0399999618530273;3.049999952316284;3.0399999618530273;3.049999952316284;200
2021-07-23 10:34:00-04:00;3.059999942779541;3.059999942779541;3.059999942779541;3.059999942779541;979
2021-07-23 10:36:00-04:00;3.049999952316284;3.049999952316284;3.049999952316284;3.049999952316284;2004
2021-07-23 10:39:00-04:00;3.050100088119507;3.0699000358581543;3.0399999618530273;3.0699000358581543;11506
2021-07-23 10:40:00-04:00;3.0597000122070312;3.069999933242798;3.0597000122070312;3.0694000720977783;958
2021-07-23 10:41:00-04:00;3.065000057220459;3.065000057220459;3.065000057220459;3.065000057220459;100
2021-07-23 10:42:00-04:00;3.056299924850464;3.056299924850464;3.04010009765625;3.04010009765625;356
2021-07-23 10:44:00-04:00;3.0792999267578125;3.0792999267578125;3.0792999267578125;3.0792999267578125;2428
2021-07-23 10:59:00-04:00;3.075000047683716;3.0799999237060547;3.075000047683716;3.0799999237060547;620
2021-07-23 11:01:00-04:00;3.0799999237060547;3.0799999237060547;3.0799999237060547;3.0799999237060547;2745
2021-07-23 11:11:00-04:00;3.065000057220459;3.069999933242798;3.059999942779541;3.069999933242798;823
2021-07-23 11:14:00-04:00;3.049999952316284;3.049999952316284;3.0399999618530273;3.049999952316284;610
2021-07-23 11:16:00-04:00;3.04010009765625;3.04010009765625;3.0399999618530273;3.0399999618530273;563
2021-07-23 11:27:00-04:00;3.049999952316284;3.049999952316284;3.049999952316284;3.049999952316284;108
2021-07-23 11:30:00-04:00;3.030100107192993;3.049999952316284;3.030100107192993;3.049999952316284;1202
2021-07-23 11:31:00-04:00;3.059999942779541;3.0799999237060547;3.059999942779541;3.059999942779541;9850
2021-07-23 11:34:00-04:00;3.049999952316284;3.049999952316284;3.049999952316284;3.049999952316284;102
2021-07-23 11:35:00-04:00;3.059999942779541;3.069999933242798;3.059999942779541;3.069999933242798;800
2021-07-23 11:38:00-04:00;3.065000057220459;3.065000057220459;3.065000057220459;3.065000057220459;112
2021-07-23 11:48:00-04:00;3.049999952316284;3.049999952316284;3.049999952316284;3.049999952316284;771
2021-07-23 11:53:00-04:00;3.059999942779541;3.059999942779541;3.059999942779541;3.059999942779541;156
2021-07-23 11:54:00-04:00;3.049999952316284;3.049999952316284;3.049999952316284;3.049999952316284;474
2021-07-23 12:00:00-04:00;3.049999952316284;3.049999952316284;3.0450000762939453;3.0450000762939453;442
2021-07-23 12:01:00-04:00;3.049999952316284;3.049999952316284;3.049999952316284;3.049999952316284;831
2021-07-23 12:04:00-04:00;3.0399999618530273;3.0399999618530273;3.0299999713897705;3.0399999618530273;1274
2021-07-23 12:26:00-04:00;3.0199999809265137;3.0199999809265137;3.0199999809265137;3.0199999809265137;606
2021-07-23 12:27:00-04:00;3.0199999809265137;3.0199999809265137;3.0199999809265137;3.0199999809265137;664
2021-07-23 12:32:00-04:00;3.0199999809265137;3.0199999809265137;3.0;3.0;2385
2021-07-23 12:38:00-04:00;3.0;3.002000093460083;3.0;3.002000093460083;2101
2021-07-23 12:39:00-04:00;3.005000114440918;3.005000114440918;3.0;3.005000114440918;13076
2021-07-23 12:42:00-04:00;2.9948999881744385;2.9948999881744385;2.9948999881744385;2.9948999881744385;200
2021-07-23 12:44:00-04:00;2.995500087738037;2.995500087738037;2.990000009536743;2.990000009536743;1251
2021-07-23 12:53:00-04:00;3.0202999114990234;3.0202999114990234;3.0202999114990234;3.0202999114990234;100
2021-07-23 12:55:00-04:00;3.016400098800659;3.016400098800659;3.016400098800659;3.016400098800659;182
2021-07-23 13:02:00-04:00;3.0;3.0;3.0;3.0;118
2021-07-23 13:04:00-04:00;3.009999990463257;3.009999990463257;3.009999990463257;3.009999990463257;1825
2021-07-23 13:09:00-04:00;3.0299999713897705;3.0299999713897705;3.0299999713897705;3.0299999713897705;301
2021-07-23 13:14:00-04:00;3.009999990463257;3.009999990463257;3.009999990463257;3.009999990463257;854
2021-07-23 13:16:00-04:00;3.009999990463257;3.009999990463257;3.009999990463257;3.009999990463257;1209
2021-07-23 13:19:00-04:00;3.0;3.0;3.0;3.0;1304
2021-07-23 13:23:00-04:00;3.0;3.0;2.990000009536743;2.990000009536743;7679
2021-07-23 13:25:00-04:00;3.009999990463257;3.009999990463257;3.009999990463257;3.009999990463257;1500
2021-07-23 13:27:00-04:00;3.0144999027252197;3.0144999027252197;3.0144999027252197;3.0144999027252197;1551
2021-07-23 13:30:00-04:00;3.009999990463257;3.009999990463257;3.009999990463257;3.009999990463257;199
2021-07-23 13:33:00-04:00;3.0;3.0;3.0;3.0;100
2021-07-23 13:34:00-04:00;3.0;3.0;3.0;3.0;1451
2021-07-23 13:35:00-04:00;3.015000104904175;3.015000104904175;3.015000104904175;3.015000104904175;1401
2021-07-23 13:38:00-04:00;3.029900074005127;3.029900074005127;3.029900074005127;3.029900074005127;2005
2021-07-23 13:44:00-04:00;3.0000998973846436;3.0000998973846436;3.0000998973846436;3.0000998973846436;1351
2021-07-23 13:51:00-04:00;3.0;3.0299999713897705;3.0;3.0299999713897705;2136
2021-07-23 13:59:00-04:00;3.0;3.0;3.0;3.0;501
2021-07-23 14:00:00-04:00;3.0;3.015000104904175;3.0;3.0;1874
2021-07-23 14:01:00-04:00;3.0;3.0;3.0;3.0;7739
2021-07-23 14:03:00-04:00;3.0;3.0;3.0;3.0;890
2021-07-23 14:08:00-04:00;3.0;3.0;3.0;3.0;1452
2021-07-23 14:13:00-04:00;3.005000114440918;3.005000114440918;3.005000114440918;3.005000114440918;550
2021-07-23 14:14:00-04:00;3.009999990463257;3.009999990463257;3.0064001083374023;3.0064001083374023;551
2021-07-23 14:15:00-04:00;3.005000114440918;3.007200002670288;3.0;3.0;1176
2021-07-23 14:22:00-04:00;3.015000104904175;3.015000104904175;3.015000104904175;3.015000104904175;401
2021-07-23 14:31:00-04:00;3.0000998973846436;3.002000093460083;3.0;3.000699996948242;15865
2021-07-23 14:34:00-04:00;3.005000114440918;3.005000114440918;3.005000114440918;3.005000114440918;1373
2021-07-23 14:35:00-04:00;3.016200065612793;3.0250000953674316;3.016200065612793;3.0250000953674316;2049
2021-07-23 14:45:00-04:00;3.0299999713897705;3.0299999713897705;3.0299999713897705;3.0299999713897705;146
2021-07-23 14:53:00-04:00;3.0399999618530273;3.0399999618530273;3.036799907684326;3.036799907684326;7006
2021-07-23 14:57:00-04:00;3.055000066757202;3.055000066757202;3.0441999435424805;3.0441999435424805;1418
2021-07-23 14:58:00-04:00;3.0399999618530273;3.049999952316284;3.0399999618530273;3.0450000762939453;1713
2021-07-23 15:00:00-04:00;3.059999942779541;3.059999942779541;3.059999942779541;3.059999942779541;161
2021-07-23 15:09:00-04:00;3.0299999713897705;3.0299999713897705;3.0299999713897705;3.0299999713897705;1368
2021-07-23 15:10:00-04:00;3.0399999618530273;3.0799999237060547;3.0399999618530273;3.0799999237060547;3831
2021-07-23 15:13:00-04:00;3.038599967956543;3.0799999237060547;3.038599967956543;3.0799999237060547;786
2021-07-23 15:15:00-04:00;3.0799999237060547;3.0799999237060547;3.0799999237060547;3.0799999237060547;139
2021-07-23 15:20:00-04:00;3.065000057220459;3.065000057220459;3.065000057220459;3.065000057220459;108
2021-07-23 15:27:00-04:00;3.065000057220459;3.065000057220459;3.049999952316284;3.049999952316284;700
2021-07-23 15:28:00-04:00;3.0543999671936035;3.0543999671936035;3.0543999671936035;3.0543999671936035;251
2021-07-23 15:30:00-04:00;3.0799999237060547;3.0799999237060547;3.0799999237060547;3.0799999237060547;134
2021-07-23 15:31:00-04:00;3.065000057220459;3.065000057220459;3.065000057220459;3.065000057220459;201
2021-07-23 15:34:00-04:00;3.050100088119507;3.050100088119507;3.050100088119507;3.050100088119507;2570
2021-07-23 15:35:00-04:00;3.049999952316284;3.059999942779541;3.049999952316284;3.059999942779541;2343
2021-07-23 15:40:00-04:00;3.059999942779541;3.059999942779541;3.059999942779541;3.059999942779541;102
2021-07-23 15:45:00-04:00;3.069999933242798;3.069999933242798;3.049999952316284;3.049999952316284;1125
2021-07-23 15:48:00-04:00;3.059999942779541;3.059999942779541;3.059999942779541;3.059999942779541;239
2021-07-23 15:50:00-04:00;3.049999952316284;3.049999952316284;3.049999952316284;3.049999952316284;995
2021-07-23 15:51:00-04:00;3.049999952316284;3.055000066757202;3.049999952316284;3.055000066757202;410
2021-07-23 15:52:00-04:00;3.049999952316284;3.049999952316284;3.049999952316284;3.049999952316284;104
2021-07-23 15:53:00-04:00;3.049999952316284;3.049999952316284;3.049999952316284;3.049999952316284;491
2021-07-23 15:54:00-04:00;3.049999952316284;3.049999952316284;3.009999990463257;3.0399999618530273;33023
2021-07-23 15:55:00-04:00;3.049999952316284;3.069999933242798;3.049999952316284;3.049999952316284;1850
2021-07-23 15:57:00-04:00;3.049999952316284;3.049999952316284;3.0399999618530273;3.0399999618530273;2839
2021-07-23 15:58:00-04:00;3.049999952316284;3.049999952316284;3.049999952316284;3.049999952316284;582
2021-07-23 15:59:00-04:00;3.049999952316284;3.049999952316284;3.009999990463257;3.049999952316284;1877
